side,entry_idx,entry_date,entry_price,units,invest,fee_entry,confidence,regime,stop_distance,tp_distance,dd_factor,exit_idx,exit_date,exit_price,fee_exit,pnl,return,exit_reason
long,4,2023-11-09 01:00:00+00:00,1959.5792755737302,4.595119019802677,9000.0,4.5,0.2064200608115374,neutral,3.2340991210937498,10.395318603515625,1.0,5,2023-11-09 02:00:00+00:00,1954.1224255981444,4.489712562444488,-29.564587673468573,-0.0032849541859409524,stop
long,7,2023-11-09 05:00:00+00:00,1956.07752557373,4.587664049459054,8969.341871093879,4.484670935546939,0.20532415350386857,neutral,3.7362777709960935,12.009464263916016,1.0,11,2023-11-09 09:00:00+00:00,1950.824148803711,4.474862907141673,-28.575590653221102,-0.0031859183275546273,stop
short,267,2023-11-18 06:00:00+00:00,1981.338835,4.0586728103280425,8045.628872097589,4.022814436048795,0.36723092998955065,bear,2.307005615234425,7.415375191824937,1.0,310,2023-11-20 01:00:00+00:00,1984.6918011474609,4.027607325099095,-17.63619986174876,-0.002192022543186335,stop
short,356,2023-11-21 15:00:00+00:00,2005.49675,4.44559906443856,8920.094522795971,4.460047261397985,0.22346556308820476,bull,7.369982910156295,23.689230782645232,1.0,500,2023-11-27 01:00:00+00:00,2013.7063011474609,4.476065424217593,-40.97243832482978,-0.004593274008489668,stop
short,905,2023-12-11 03:00:00+00:00,2011.793648803711,3.9702327917987406,7991.284757191528,3.995642378595764,0.32394088669950727,bear,5.918024902343676,19.02222290039039,1.0,968,2023-12-13 06:00:00+00:00,1990.2946988525389,3.9509666393637746,81.40486944602023,0.0101867061329234,takeprofit
short,1008,2023-12-14 16:30:00+00:00,2051.273898803711,4.360411916980125,8948.873590129047,4.474436795064523,0.22346556308820476,bull,9.919970703125045,31.88562011718765,1.0,1216,2023-12-21 22:00:00+00:00,2062.080573852539,4.495760353999913,-51.61731501984218,-0.005768023707115281,stop
short,1234,2023-12-22 15:00:00+00:00,2071.8634523925784,4.292725858800299,8898.391013495631,4.449195506747816,0.22346556308820476,bull,7.819921874999999,25.135463169642854,1.0,1347,2023-12-26 20:00:00+00:00,2080.639897705078,4.465808345865099,-42.14068208717961,-0.004735764254826236,stop
short,1524,2024-01-02 07:00:00+00:00,2081.059047607422,4.253618802299906,8856.460123661096,4.428230061830548,0.3716137112363527,bull,7.130111694335801,22.918216160365077,1.0,1559,2024-01-03 11:00:00+00:00,2056.727801147461,4.374268023086891,99.12157940239669,0.011192008773074188,takeprofit
short,1662,2024-01-06 22:00:00+00:00,2050.8740744018555,4.357758190787575,8941.684138067605,4.470842069033803,0.21003454965719137,neutral,3.5671391601563753,11.46580444335978,1.0,1693,2024-01-08 05:00:00+00:00,2038.2185511474609,4.4410317929390155,50.70867832760146,0.005671043345371419,takeprofit
short,1865,2024-01-14 01:00:00+00:00,2051.285914277344,4.377159945920141,8983.298190700316,4.491649095350158,0.3271692667919084,bull,3.781428710937507,12.154592285156273,1.0,1889,2024-01-15 01:00:00+00:00,2055.827448852539,4.4993427824202605,-24.378366017975257,-0.002713743382493104,stop
short,1892,2024-01-15 04:00:00+00:00,2057.270898803711,4.351802441144619,8957.315177098322,4.4786575885491615,0.22346556308820476,bull,4.74947460937501,15.26616838727682,1.0,1929,2024-01-16 15:30:00+00:00,2041.9704872131347,4.443126075499693,62.14124243488854,0.006937485307401998,takeprofit
short,2058,2024-01-20 22:00:00+00:00,2029.534773803711,4.436833019043013,9009.211503460028,4.504605751730014,0.32394088669950727,bull,3.3487924804688416,10.763975830078419,1.0,2120,2024-01-23 05:00:00+00:00,2032.9159744262695,4.509854360137238,-19.511676926314237,-0.0021657474595663216,stop
long,2164,2024-01-24 16:00:00+00:00,2017.308198852539,4.011722942151415,8088.837164144808,4.044418582072404,0.23920446005034735,bear,8.450042724609512,27.160851614816288,1.0,2322,2024-01-30 08:00:00+00:00,2055.571797607422,4.123192269850561,149.37976470439042,0.018467396694118465,takeprofit
long,2443,2024-02-03 05:00:00+00:00,2057.968567705078,3.989692652622567,8206.558794503886,4.103279397251943,0.23920446005034735,bear,4.89462304687504,15.732716936384058,1.0,2486,2024-02-05 00:00:00+00:00,2051.074047607422,4.09157752886208,-31.598593705839313,-0.003850407277530454,stop
short,2539,2024-02-06 18:00:00+00:00,2051.873452392578,4.426064302693718,9086.266974767092,4.543133487383546,0.22346556308820476,bull,7.34996337890625,23.62488228934152,1.0,2560,2024-02-07 14:00:00+00:00,2059.829448852539,4.558468796601749,-39.77222072039121,-0.004377179410514811,stop
long,2590,2024-02-08 13:00:00+00:00,2036.8179488525388,3.999285118923515,8141.744840382085,4.0708724201910425,0.24542232295710464,bear,5.610009765625022,18.032174246651856,1.0,2699,2024-02-12 14:00:00+00:00,2027.685601196289,4.0546464253599,-40.57750850783541,-0.004983883590477535,stop
long,2700,2024-02-12 14:30:00+00:00,2028.7638749999999,3.997326914969983,8105.579651830383,4.052789825915192,0.2807087244102797,bear,4.745013427734329,15.251828874860344,1.0,2729,2024-02-13 13:00:00+00:00,2016.5911755981444,4.030487091354711,-52.688746038230036,-0.0065003057525111095,stop
long,2755,2024-02-14 08:00:00+00:00,2002.1005255737302,4.027594376148302,8059.619007780427,4.029809503890213,0.4454223229571046,bear,3.565008544921852,11.45895603724881,1.0,2789,2024-02-15 13:00:00+00:00,2014.3923244018556,4.0565775985586106,45.44980223434519,0.005639199841887044,takeprofit
long,2894,2024-02-19 10:00:00+00:00,2031.2511238623044,4.429243791545392,8992.41022432455,4.496205112162276,0.2124039456816018,bull,4.290585205078242,13.791166730608634,1.0,3009,2024-02-23 09:00:00+00:00,2025.0869255981445,4.484801846272664,-31.787538737657147,-0.0035349297846390022,stop
short,3048,2024-02-24 17:00:00+00:00,2043.8575892822266,4.381555263142012,8959.754854859713,4.479877427429857,0.28766275817545206,bull,2.6937182617188227,8.65838012695336,1.0,3117,2024-02-27 08:00:00+00:00,2048.62377557373,4.488079143031468,-25.37138777368459,-0.00283170557506083,stop
short,3442,2024-03-09 14:00:00+00:00,2184.3439844547192,4.087461652267847,8932.88871617871,4.466444358089355,0.3716137112363527,bull,4.130029296875182,13.275094168527371,1.0,3475,2024-03-10 23:00:00+00:00,2189.394198852539,4.474532414753719,-25.117090101574227,-0.002811754506253242,stop
short,3669,2024-03-17 16:00:00+00:00,2157.264773339844,3.713790473041567,8015.6371816485125,4.0078185908242565,0.22346556308820476,bear,6.194812011718749,19.911895751953125,1.0,3688,2024-03-18 11:00:00+00:00,2165.682397705078,4.021445328115469,-35.28273850136468,-0.004401738464677909,stop
short,3711,2024-03-19 05:00:00+00:00,2159.6196011962893,4.105568674156183,8870.902033782044,4.435451016891022,0.2667556063782479,bull,3.115002441406295,10.012507847377378,1.0,3735,2024-03-19 22:00:00+00:00,2162.880948852539,4.439928134769093,-17.82961490780001,-0.0020098987498567253,stop
long,4002,2024-03-29 03:00:00+00:00,2256.1640535822694,3.924931297494473,8850.863474449821,4.425431737224911,0.2155372654858403,bull,16.640382838893675,53.4869448393011,1.0,4080,2024-04-01 09:00:00+00:00,2271.163898803711,4.457081134077128,54.41628083313222,0.006148132438176015,signal_exit
long,4217,2024-04-05 17:30:00+00:00,2346.3726732788086,3.793218045715739,8895.855238636139,4.44792761931807,0.209319402579083,bull,17.484997558593886,56.20177786690893,1.0,4227,2024-04-06 01:00:00+00:00,2345.686652966309,4.448850470813178,-7.051075099914507,-0.0007926247573466063,signal_exit
short,4228,2024-04-06 02:00:00+00:00,2345.238874038086,3.7868481038049295,8885.50613618883,4.442753068094414,0.22346556308820476,bull,10.127463867187588,32.55256243024582,1.0,4276,2024-04-08 02:00:00+00:00,2367.983448852539,4.483596816564347,-90.6138468245244,-0.010197938692031614,stop
short,4283,2024-04-08 09:00:00+00:00,2355.32175,3.734332780091438,8799.955196285473,4.399977598142737,0.22346556308820476,bull,19.736814941406237,63.4397623116629,1.0,4313,2024-04-09 08:00:00+00:00,2377.6882499999997,4.439539586406623,-87.96349371232094,-0.009995902450668271,stop
long,4508,2024-04-16 01:00:00+00:00,2401.400051147461,3.63170912817082,8716.828072106055,4.358414036053027,0.209319402579083,bull,16.320019531249997,52.45720563616071,1.0,4514,2024-04-16 07:00:00+00:00,2380.7089523925783,4.323021216961059,-79.46707343695292,-0.009116512655704248,stop
short,4607,2024-04-19 08:00:00+00:00,2397.600648803711,3.602378254745278,8641.385133380349,4.320692566690174,0.22346556308820476,bull,15.070031738281294,48.43938773018988,1.0,4617,2024-04-19 15:30:00+00:00,2413.3560994262693,4.3469107667650375,-61.10400348318112,-0.007071089014091699,stop
short,4632,2024-04-20 02:00:00+00:00,2404.4891169091798,3.567581818173813,8582.502906935464,4.291251453467732,0.2667556063782479,bull,10.244177246093749,32.92771257672991,1.0,4684,2024-04-22 06:00:00+00:00,2370.8848011474606,4.229162754779158,115.65698316890224,0.013475903757101042,takeprofit
short,4840,2024-04-27 09:00:00+00:00,2347.515752607422,3.696840240499939,8682.732065479357,4.341366032739678,0.22346556308820476,neutral,5.294918945312383,17.019382324218377,1.0,4888,2024-04-29 09:00:00+00:00,2355.877301147461,4.3546510042811635,-35.265960119989884,-0.004061620219769262,stop
short,4904,2024-04-29 19:00:00+00:00,2346.226202392578,3.683686560312224,8647.085471941899,4.32354273597095,0.22346556308820476,bull,11.034948730468704,35.46947806222084,1.0,4924,2024-04-30 14:00:00+00:00,2308.65375,4.252178395644708,134.1529595208674,0.01551424002412923,takeprofit
short,5237,2024-05-11 07:00:00+00:00,2365.9143856030278,3.702395164583327,8763.931947048306,4.381965973524153,0.3716137112363527,bull,7.3603710937498805,23.65833565848176,1.0,5345,2024-05-15 08:00:00+00:00,2380.089352294922,4.406015654606491,-56.88734379280588,-0.00649107548261663,stop
short,5536,2024-05-21 21:00:00+00:00,2424.337151794434,3.2313952910091355,7837.910611432749,3.9189553057163744,0.3716137112363527,bear,8.429931640624998,27.09620884486607,1.0,5554,2024-05-22 14:00:00+00:00,2391.995448852539,3.864741414768689,100.64408517488606,0.012840677849538348,takeprofit
short,5571,2024-05-23 01:00:00+00:00,2373.8125,3.3331612491060114,7916.2579666267775,3.958128983313389,0.25288455408937316,bear,9.57498779296875,30.776746477399556,1.0,5590,2024-05-23 16:30:00+00:00,2339.26902557373,3.8985804336381675,111.24038993349025,0.014052143121466677,takeprofit
short,5848,2024-06-01 20:00:00+00:00,2345.998435473633,3.409701770786764,8003.156597996421,4.0015782989982105,0.262504563709383,bear,6.362890624999953,20.45214843749985,1.0,5886,2024-06-03 10:00:00+00:00,2352.5756022949217,4.010790598527366,-26.43696795583537,-0.0033033175887691403,stop
long,6145,2024-06-12 08:00:00+00:00,2330.764897705078,3.8053748097304423,8865.001528366673,4.432500764183336,0.209319402579083,bull,4.55506591796875,14.641283307756698,1.0,6149,2024-06-12 12:00:00+00:00,2351.8235,4.474784951916042,75.66108974931308,0.00853480842695954,takeprofit
long,6152,2024-06-12 14:00:00+00:00,2343.371051147461,3.8122736933649843,8929.10725845329,4.4645536292266454,0.22844929938484193,bull,10.094982910156249,32.44815935407366,1.0,6169,2024-06-13 01:00:00+00:00,2327.135898803711,4.435839483947333,-66.32868367179798,-0.007428366773061645,stop
long,6186,2024-06-13 15:30:00+00:00,2315.75727557373,3.447184867603007,7978.854010394131,3.989427005197066,0.209319402579083,bear,14.735021972656249,47.36257062639508,1.0,6242,2024-06-15 13:00:00+00:00,2345.7304835791015,4.043083313234481,99.2801057563989,0.012442902906490798,signal_exit
long,6295,2024-06-17 15:30:00+00:00,2330.514772705078,3.458492335818667,8056.039460182605,4.0280197300913025,0.4392044600503475,bear,10.185009765625045,32.73753138950907,1.0,6373,2024-06-20 13:30:00+00:00,2369.31475,4.097128452008561,130.09229565241796,0.01614841837548164,takeprofit
long,6377,2024-06-20 15:30:00+00:00,2369.8343494262695,3.8269109875490677,9064.612804088543,4.532306402044272,0.4392044600503475,bull,13.59005126953134,43.68230765206502,1.0,6403,2024-06-21 13:00:00+00:00,2352.4232976074222,4.501257282490127,-71.13180279282214,-0.007847197043070448,stop
long,6427,2024-06-22 08:00:00+00:00,2335.651216596679,3.4683740318186076,8096.8635952318455,4.0484317976159225,0.4053241535038685,bear,3.4740000000000686,11.166428571428792,1.0,6442,2024-06-22 23:00:00+00:00,2333.0468969042972,4.045939636118924,-13.07869442773022,-0.0016152790860194458,signal_exit
short,6444,2024-06-23 01:00:00+00:00,2333.0109188085935,3.4628852623645354,8082.990622989317,4.041495311494659,0.22346556308820476,bear,5.319999999999982,17.09999999999994,1.0,6469,2024-06-24 02:00:00+00:00,2338.368551147461,4.048750996872627,-22.601617064304378,-0.0027961948885628753,stop
long,6470,2024-06-24 03:00:00+00:00,2339.269147705078,3.4478462705877346,8061.40970196492,4.03070485098246,0.209319402579083,bear,7.491980468749943,24.08136579241053,1.0,6517,2024-06-25 16:00:00+00:00,2328.734952392578,4.014560060397028,-40.33484608224231,-0.005003448227226428,stop
long,6519,2024-06-25 17:00:00+00:00,2332.565602294922,3.442341057679989,8025.473605709008,4.012736802854504,0.209319402579083,bear,11.309863281249907,36.35313197544613,1.0,6537,2024-06-26 10:00:00+00:00,2318.540101196289,3.990602892112751,-52.271161178473,-0.0065131559514804635,stop
long,6557,2024-06-26 23:00:00+00:00,2310.054352294922,3.456141013408075,7979.883648344133,3.9899418241720666,0.209319402579083,bear,4.95003662109384,15.910831996373059,1.0,6569,2024-06-27 11:00:00+00:00,2326.436297607422,4.020245951621123,52.59806712231892,0.006591332585811987,takeprofit
long,6570,2024-06-27 12:00:00+00:00,2334.5666022949217,3.4367260501643138,8019.2562298356315,4.009628114917816,0.4392044600503475,bear,5.950024414062499,19.12507847377232,1.0,6636,2024-06-29 16:00:00+00:00,2334.8519119140624,4.012123194475506,-3.0315921940124175,-0.00037803907334116386,signal_exit
short,6638,2024-06-29 18:00:00+00:00,2334.763957866211,3.430559238324372,8013.552841385397,4.006776420692699,0.22346556308820476,bear,5.730115234374988,18.418227539062464,1.0,6678,2024-07-01 10:00:00+00:00,2343.8713011474606,4.020394672797393,-35.26367530287955,-0.004400504495429658,stop
long,6692,2024-07-01 18:30:00+00:00,2341.620176147461,3.789273165421701,8868.604194988116,4.434302097494058,0.209319402579083,bull,10.505017089843795,33.7661263602122,1.0,6710,2024-07-02 11:00:00+00:00,2328.5351011962894,4.4117277868528015,-53.99465116685963,-0.006088291909269493,stop
long,6711,2024-07-02 12:00:00+00:00,2337.6682499999997,3.773172752856922,8816.018137050198,4.408009068525099,0.209319402579083,bull,6.7600341796875,21.72868129185268,1.0,6718,2024-07-02 16:00:00+00:00,2330.3342500000003,4.396376848574636,-32.06882581802439,-0.003637563503102602,stop
long,6719,2024-07-02 16:30:00+00:00,2333.6662499999998,3.3890118272613385,7904.870087087072,3.952435043543536,0.4392044600503475,bear,10.675024414062454,34.31257847377218,1.0,6746,2024-07-03 14:30:00+00:00,2370.7139523925784,4.017188811855961,121.53791276945114,0.015375067702629077,takeprofit
long,6751,2024-07-03 17:00:00+00:00,2367.3525318806965,3.756711475708345,8889.015915605616,4.444507957802808,0.23920446005034735,bull,11.79276782719785,37.90532515885023,1.0,6823,2024-07-06 10:00:00+00:00,2396.837017138672,4.502112563843704,106.26259156014514,0.011954370716514279,signal_exit
short,6829,2024-07-06 16:00:00+00:00,2396.0813892822266,3.746184042371454,8980.652190847724,4.490326095423862,0.23998993363860666,bull,5.516112792968715,17.730362548828015,1.0,6877,2024-07-08 14:30:00+00:00,2373.0858522949216,4.445008175522348,81.7005055320822,0.009097391124371128,takeprofit
long,6879,2024-07-08 15:30:00+00:00,2365.7322017211914,3.444683964983965,8145.127217106646,4.072563608553323,0.22516056121607653,bear,12.17994384765625,39.14981951032367,1.0,6964,2024-07-11 12:00:00+00:00,2410.594148803711,4.151867505234157,150.38336224788029,0.01846298507554806,takeprofit
long,6966,2024-07-11 13:30:00+00:00,2419.0589005737297,3.797514801922732,9181.821071116112,4.590910535558056,0.209319402579083,bull,10.549951171875,33.910557338169646,1.0,6989,2024-07-12 06:00:00+00:00,2408.395297607422,4.572958395772644,-45.06814850215406,-0.004908410668546792,stop
long,6993,2024-07-12 10:00:00+00:00,2406.302647705078,3.7990634680387005,9137.12791798217,4.568563958991085,0.209319402579083,bull,6.610009765625,21.2464599609375,1.0,7018,2024-07-13 04:00:00+00:00,2414.15232,4.585758942596438,25.23564430911887,0.002761879283692011,signal_exit
short,7033,2024-07-13 19:00:00+00:00,2412.95292,3.792510972883854,9155.728290297284,4.577864145148642,0.23998993363860666,neutral,5.989040039062729,19.250485839844487,1.0,7071,2024-07-15 10:00:00+00:00,2420.9098011474607,4.5906634926069065,-34.767222554282924,-0.003797319170243096,stop
long,7072,2024-07-15 11:00:00+00:00,2424.2115,3.764060137130745,9120.317712267795,4.5601588561338975,0.209319402579083,bull,7.476741210937462,24.032382463727558,1.0,7106,2024-07-16 13:30:00+00:00,2450.9239494018557,4.612712568541289,95.93455339010721,0.010518773184958793,takeprofit
long,7107,2024-07-16 14:00:00+00:00,2458.028448852539,3.7457483248333223,9202.554667348373,4.601277333674187,0.4392044600503475,bull,11.280053710937498,36.25731549944196,1.0,7177,2024-07-18 19:00:00+00:00,2444.377297607422,4.5780110838868024,-55.711787992330706,-0.0060539480618356945,stop
long,7205,2024-07-19 18:00:00+00:00,2401.500198852539,3.4301734992336503,8233.445617699472,4.116722808849736,0.4392044600503475,bear,10.239916992187545,32.91401890345997,1.0,7275,2024-07-22 13:30:00+00:00,2390.154422607422,4.0993221797520425,-43.01730318398716,-0.00522470241274354,stop
long,7276,2024-07-22 14:00:00+00:00,2389.794397705078,3.4309916777976612,8195.267056645274,4.097633528322637,0.4392044600503475,bear,9.390051269531204,30.182307652064587,1.0,7332,2024-07-24 12:00:00+00:00,2421.1887023925783,4.153539144143328,103.56005896891442,0.012636569162800003,takeprofit
long,7370,2024-07-25 16:00:00+00:00,2363.080852294922,3.5038875326765195,8275.831621252155,4.137915810626078,0.23920446005034735,bear,13.8150146484375,44.40540422712054,1.0,7499,2024-07-30 07:00:00+00:00,2433.982351196289,4.264200207555679,244.16667784102145,0.029503582119047318,takeprofit
long,7523,2024-07-31 00:00:00+00:00,2455.4270511474606,3.8348115643109626,9411.394353885305,4.705697176942653,0.23920446005034735,bull,9.9200439453125,31.885855538504465,1.0,7547,2024-07-31 19:00:00+00:00,2494.052398803711,4.7821104904649845,143.33881937725724,0.015230348871533864,takeprofit
long,7584,2024-08-02 00:00:00+00:00,2494.346647705078,3.8250225784478062,9536.164163865587,4.768082081932794,0.2500860412965662,bull,8.724951171875,28.044485909598215,1.0,7599,2024-08-02 14:00:00+00:00,2473.1627023925785,4.729951588413303,-85.75902070932715,-0.00899303107996872,stop
long,7604,2024-08-02 16:30:00+00:00,2473.0859005737298,3.824944824619575,9454.689771353453,4.727344885676726,0.37851618198903836,bull,25.354931640624997,81.49799455915178,1.0,7625,2024-08-03 10:00:00+00:00,2484.129384277344,4.750828916038519,37.48988692187158,0.003965215975193742,signal_exit
short,7626,2024-08-03 11:00:00+00:00,2484.0774083251954,3.4344704981608687,8535.758453267426,4.267879226633713,0.28766275817545206,bear,12.32835351562503,39.6268505859376,1.0,7674,2024-08-05 11:00:00+00:00,2428.013448852539,4.169470279610934,188.38054453931483,0.0220695730286515,takeprofit
long,7690,2024-08-05 20:00:00+00:00,2453.326147705078,3.541816959459295,8684.8897121707,4.34244485608535,0.4392044600503475,bear,13.890026855468886,44.646514892578566,1.0,7699,2024-08-06 05:00:00+00:00,2437.980351196289,4.317440077347773,-58.669442408585375,-0.006755346855627663,stop
long,7700,2024-08-06 06:00:00+00:00,2443.221,3.5355651447527907,8633.850083486315,4.316925041743158,0.41920404889499707,bear,11.355029296875092,36.49830845424137,1.0,7708,2024-08-06 13:30:00+00:00,2431.4836011962893,4.298334335213799,-45.796672435676,-0.005304316381780801,stop
long,7710,2024-08-06 14:30:00+00:00,2430.014326721191,3.931186104095945,9548.064521699562,4.774032260849781,0.4392044600503475,neutral,14.77496337890634,47.49095371791324,1.0,7827,2024-08-10 10:00:00+00:00,2469.000965942383,4.8530511441560815,148.41068320759658,0.015543535851722478,signal_exit
short,7828,2024-08-10 11:00:00+00:00,2468.974977966309,3.9176171994926747,9677.337507551634,4.838668753775817,0.23998993363860666,bull,4.055754882812562,13.03635498046895,1.0,7864,2024-08-11 23:00:00+00:00,2468.033448852539,4.834405144073966,-1.145854494146474,-0.00011840596581986681,signal_exit
long,7865,2024-08-12 00:00:00+00:00,2468.533698852539,3.5280493335620395,8704.756292965654,4.3523781464828275,0.4392044600503475,bear,7.558835937499861,24.29625837053527,1.0,7881,2024-08-12 14:30:00+00:00,2494.802023803711,4.400892308724955,88.27505402904804,0.01014101383865088,takeprofit
long,7882,2024-08-12 15:00:00+00:00,2500.5496988525388,3.9000846855075375,9747.481844922811,4.873740922461406,0.4392044600503475,bull,10.25006103515625,32.946624755859375,1.0,7942,2024-08-14 14:00:00+00:00,2487.355797607422,4.850449126828547,-56.307781315006594,-0.005776649006464755,stop
long,7943,2024-08-14 14:30:00+00:00,2486.842897705078,3.5094851483324043,8723.176627418183,4.361588313709092,0.20822349527141415,bear,12.475024414062545,40.09829275948675,1.0,7998,2024-08-16 12:00:00+00:00,2529.23475,4.438155895885611,144.33542014344417,0.01654619943035172,takeprofit
long,8002,2024-08-16 14:30:00+00:00,2529.2140482788086,3.8839354572234113,9818.394923555852,4.909197461777926,0.4392044600503475,bull,13.7599853515625,44.22852434430804,1.0,8025,2024-08-17 08:00:00+00:00,2544.303198334961,4.940954702970043,53.664330219486075,0.005465692777414873,signal_exit
short,8026,2024-08-17 09:00:00+00:00,2544.251227263184,3.8743593007399983,9862.274543037789,4.931137271518895,0.23998993363860666,bull,7.119000000000187,22.882500000000604,1.0,8065,2024-08-19 00:00:00+00:00,2542.170352294922,4.9246406742396545,3.1374166127232996,0.0003181230251735528,signal_exit
long,8066,2024-08-19 01:00:00+00:00,2538.2684999999997,3.498066288924078,8874.594175000386,4.437297087500193,0.3756640200574308,bear,11.535029296874926,37.076879882812264,1.0,8075,2024-08-19 10:00:00+00:00,2526.436101196289,4.418820478357761,-45.80933585072222,-0.005161851341863779,stop
long,8076,2024-08-19 11:00:00+00:00,2534.066448852539,3.4877977858566793,8833.894402320424,4.416947201160212,0.4392044600503475,bear,9.4000732421875,30.21452113560268,1.0,8109,2024-08-20 13:00:00+00:00,2567.2157500000003,4.476964704333198,111.14109444047872,0.012581211567492246,takeprofit
long,8114,2024-08-20 15:30:00+00:00,2548.0233749999998,3.891818968220617,9911.489957315856,4.955744978657928,0.209319402579083,bull,13.94493408203125,44.823002406529014,1.0,8171,2024-08-22 13:00:00+00:00,2522.2382500000003,4.908047331860788,-105.25908590479949,-0.01061990541867076,stop
long,8173,2024-08-22 14:00:00+00:00,2517.1578522949217,3.510102663600356,8831.066948568672,4.415533474284336,0.209319402579083,bear,12.355004882812498,39.71251569475446,1.0,8234,2024-08-24 14:00:00+00:00,2547.3176376269535,4.470673212435267,101.39326961514483,0.011481429164295773,signal_exit
short,8235,2024-08-24 15:00:00+00:00,2547.3116396508794,3.8843408987514376,9899.57657204752,4.94978828602376,0.20900896885967346,bull,5.56488037109375,17.887115478515625,1.0,8270,2024-08-26 02:00:00+00:00,2548.573698852539,4.9497645259675735,-9.852032699619038,-0.000995197383233266,signal_exit
long,8271,2024-08-26 03:00:00+00:00,2546.4725511474608,3.495846931691046,8897.629439844399,4.4488147199222,0.43630511828280194,bear,7.014376953124975,22.546211635044564,1.0,8306,2024-08-27 07:00:00+00:00,2538.73,4.437505740446005,-31.50427941275769,-0.0035407497722571638,stop
long,8307,2024-08-27 08:00:00+00:00,2547.473051147461,3.4830365264578855,8868.507433596926,4.434253716798463,0.4392044600503475,bear,6.6550048828125,21.391087123325896,1.0,8335,2024-08-28 05:00:00+00:00,2539.329797607422,4.42228921889478,-32.7855387430584,-0.003696849665915103,stop
long,8336,2024-08-28 06:00:00+00:00,2544.471551147461,3.8614342260827894,9820.399335227157,4.910199667613579,0.209319402579083,bull,6.6250122070312045,21.29468209402887,1.0,8341,2024-08-28 11:00:00+00:00,2534.732,4.89385044937364,-42.5024865968636,-0.004327979458472853,stop
long,8342,2024-08-28 12:00:00+00:00,2536.567698852539,3.8566353998646528,9777.727917589129,4.888863958794564,0.43630511828280194,bull,8.430029296874999,27.096522739955354,1.0,8473,2024-09-02 02:00:00+00:00,2522.7380000000003,4.864640337691878,-58.20074650185997,-0.005952379427245341,stop
long,8474,2024-09-02 03:00:00+00:00,2529.6641022949216,3.46023290589719,8748.852541357086,4.374426270678543,0.4392044600503475,bear,7.147944335937518,22.97553536551345,1.0,8506,2024-09-03 11:00:00+00:00,2520.23925,4.360307391791827,-36.97249143590012,-0.004225981780024961,stop
long,8507,2024-09-03 12:00:00+00:00,2526.462551147461,3.451355023973527,8715.361538014757,4.357680769007378,0.23920446005034735,bear,8.681977539062427,27.9063563755578,1.0,8508,2024-09-03 13:00:00+00:00,2510.344297607422,4.332044701725335,-59.96186003481891,-0.006880019810225501,stop
long,8509,2024-09-03 13:30:00+00:00,2511.9053494262694,3.4506054709817615,8663.262709963657,4.331631354981829,0.4392044600503475,bear,12.01578662109373,38.622171282086995,1.0,8598,2024-09-06 12:00:00+00:00,2551.0238988037113,4.401288510908655,130.58139198776283,0.015073003827712692,takeprofit
long,8603,2024-09-06 15:00:00+00:00,2536.167352294922,3.8421525958794795,9739.472240084679,4.869736120042339,0.209319402579083,bull,13.7449951171875,44.18034144810268,1.0,8605,2024-09-06 16:00:00+00:00,2517.140702392578,4.835619341945771,-77.9389116551246,-0.008002375255442689,stop
long,8606,2024-09-06 16:30:00+00:00,2522.86077557373,3.449575704154697,8698.450011378325,4.349225005689163,0.25875700144456126,bear,18.310009765625,58.85360281808036,1.0,8664,2024-09-08 23:00:00+00:00,2524.737,4.3546357072902095,2.1175424891133376,0.00024343905941212618,signal_exit
short,8667,2024-09-09 02:00:00+00:00,2524.837047607422,3.4427148617779477,8696.642348539897,4.348321174269949,0.23998993363860666,bear,3.3090185546875093,10.636131068638424,1.0,8668,2024-09-09 03:00:00+00:00,2529.464051147461,4.354111740609209,-20.283565593399384,-0.0023323444589859266,stop
short,8669,2024-09-09 04:00:00+00:00,2525.9363511962893,3.4333217346869067,8676.690520258087,4.338345260129044,0.23998993363860666,bear,3.481600585937485,11.190859026227631,1.0,8670,2024-09-09 05:00:00+00:00,2518.0584488525387,4.3226524008287095,22.724720939711,0.002619053991456071,signal_exit
long,8671,2024-09-09 06:00:00+00:00,2519.959301147461,3.4508213177653877,8691.583484558547,4.345791742279274,0.4392044600503475,bear,4.972993164062473,15.984620884486521,1.0,8708,2024-09-10 12:00:00+00:00,2541.1287023925784,4.384490548700904,68.66733055228121,0.007900439623490412,takeprofit
long,8709,2024-09-10 13:00:00+00:00,2537.167852294922,3.831067763673467,9715.204367771834,4.857602183885917,0.23920446005034735,bull,6.199975585937499,19.928492954799104,1.0,8771,2024-09-12 13:00:00+00:00,2572.513148803711,4.9277360980040115,130.48248995429918,0.013430750915250703,takeprofit
long,8776,2024-09-12 15:30:00+00:00,2581.7401761474607,3.8087414802607733,9828.266766765208,4.9141333833826035,0.209319402579083,bull,13.945043945312545,44.823355538504615,1.0,8997,2024-09-20 06:00:00+00:00,2629.284797607422,5.0071330360332205,176.07803888181854,0.017915472082751717,takeprofit
long,9001,2024-09-20 10:00:00+00:00,2639.719102294922,3.783472805940557,9982.3142817138,4.9911571408569,0.4082234952714143,bull,7.0400146484374995,22.62861851283482,1.0,9004,2024-09-20 13:00:00+00:00,2630.5839523925783,4.976371423810475,-39.53896265751776,-0.003960901404391524,stop
long,9005,2024-09-20 13:30:00+00:00,2636.767676147461,3.772500847331349,9942.23717389526,4.971118586947631,0.4392044600503475,bull,10.1399658203125,32.592747279575896,1.0,9032,2024-09-21 10:00:00+00:00,2645.1888142773437,4.989488521606344,26.77926220887179,0.0026934845488482714,signal_exit
short,9033,2024-09-21 11:00:00+00:00,2645.1468333251955,3.764208264532025,9961.864503154993,4.980932251577497,0.20900896885967346,bull,5.417931640625011,17.414780273437536,1.0,9072,2024-09-23 02:00:00+00:00,2651.425147705078,4.99025822688975,-28.623141102974955,-0.0028732714738199665,stop
long,9077,2024-09-23 07:00:00+00:00,2641.3199999999997,3.7619775898242027,9931.620837135895,4.965810418567948,0.23630511828280176,bull,7.289985351562472,23.43209577287938,1.0,9116,2024-09-24 14:00:00+00:00,2667.16575,5.016908889923331,92.21422340227629,0.0092849117897728,takeprofit
long,9139,2024-09-25 07:00:00+00:00,2682.440647705078,3.7335959286159617,10010.144408821232,5.005072204410616,0.2064200608115374,bull,9.059924316406159,29.121185302734084,1.0,9209,2024-09-27 14:00:00+00:00,2670.464148803711,4.985217036744213,-49.70062457396241,-0.0049650257323125896,stop
long,9216,2024-09-27 17:30:00+00:00,2670.3345,3.3588678731916928,8964.818353548628,4.482409176774314,0.4392044600503475,bear,13.69993896484375,44.035518101283486,1.0,9286,2024-09-30 13:00:00+00:00,2655.7715476074222,4.460192864897577,-53.37522579514774,-0.005953854689539775,stop
long,9287,2024-09-30 13:30:00+00:00,2657.378073852539,3.3576000095164082,8917.95366922137,4.458976834610685,0.4392044600503475,bear,11.6099853515625,37.31781005859375,1.0,9438,2024-10-05 12:00:00+00:00,2670.903831196289,4.483913364521036,40.93016962157245,0.0045896369436000985,signal_exit
short,9440,2024-10-05 14:00:00+00:00,2670.7838911962895,3.3484632048253773,8947.495335378808,4.473747667689404,0.23998993363860666,bear,5.933368164062539,19.071540527343878,1.0,9478,2024-10-07 05:00:00+00:00,2661.630198852539,4.456185392854889,26.19461660848582,0.0029275920943944056,signal_exit
long,9479,2024-10-07 06:00:00+00:00,2663.931397705078,3.367043082103227,8965.089239220853,4.482544619610427,0.4392044600503475,bear,6.524917968749969,20.97295061383919,1.0,9506,2024-10-08 02:00:00+00:00,2653.4726488037113,4.467178362852331,-39.68223649865421,-0.004426306915613363,stop
long,9507,2024-10-08 03:00:00+00:00,2663.130948852539,3.354615524350242,8929.31576651506,4.46465788325753,0.209319402579083,bear,8.8900146484375,28.575047084263396,1.0,9511,2024-10-08 07:00:00+00:00,2651.5734523925785,4.447504733675555,-43.218461780882606,-0.0048400642233923305,stop
long,9512,2024-10-08 08:00:00+00:00,2658.4286477050778,3.3460133652583597,8890.692439587105,4.445346219793552,0.4392044600503475,bear,9.62999267578125,30.95354788643973,1.0,9518,2024-10-08 13:30:00+00:00,2648.0753244018556,4.430247713829738,-39.0726058612507,-0.0043947764616481646,stop
long,9522,2024-10-08 15:30:00+00:00,2631.064875,3.367408650404585,8855.442898401458,4.427721449200729,0.4392044600503475,bear,16.95994873046875,54.51412091936383,1.0,9627,2024-10-12 01:00:00+00:00,2672.1532208374024,4.499115935527171,133.86213526815627,0.015116368182140322,signal_exit
short,9629,2024-10-12 03:00:00+00:00,2671.8693686938477,3.724319067118202,9955.8719706609,4.977935985330451,0.23998993363860666,bull,5.409413085937649,17.387399204799586,1.0,9678,2024-10-14 04:00:00+00:00,2677.538051147461,4.986003008411501,-26.097985155842764,-0.0026213660875462523,stop
long,9679,2024-10-14 05:00:00+00:00,2677.3379999999997,3.3389810453925493,8935.113277470462,4.467556638735231,0.2064200608115374,bear,12.404237792968662,39.87076433454213,1.0,9689,2024-10-14 14:00:00+00:00,2661.1687500000003,4.442796007420492,-58.431615275632446,-0.0065395494674886185,stop
long,9690,2024-10-14 14:30:00+00:00,2664.3315,3.7068322894896406,9871.294386910913,4.935647193455456,0.4392044600503475,bull,10.369934082031204,33.33193097795744,1.0,9770,2024-10-17 05:00:00+00:00,2697.850351196289,5.000239397012686,119.24852052399082,0.012080332715242628,takeprofit
long,9776,2024-10-17 11:00:00+00:00,2698.248352294922,3.6983856776591164,9974.175972908395,4.987087986454197,0.209319402579083,bull,7.489990234374999,24.07496861049107,1.0,9799,2024-10-18 03:00:00+00:00,2723.837351196289,5.036900523968651,89.60108651848299,0.008983307168617758,takeprofit
long,9801,2024-10-18 05:00:00+00:00,2727.86325,3.6861648896340444,10050.328571587223,5.025164285793611,0.20822349527141415,bull,5.659960937500045,18.192731584821573,1.0,9802,2024-10-18 06:00:00+00:00,2721.6385,5.016204140488133,-27.961659037237787,-0.0027821636713735694,stop
long,9803,2024-10-18 07:00:00+00:00,2718.958897705078,3.687312360357447,10020.640430596495,5.010320215298248,0.43630511828280194,bull,6.529980468750045,20.989222935268003,1.0,9877,2024-10-21 02:00:00+00:00,2744.227297607422,5.059411617049081,88.11307166931834,0.008793157710786481,takeprofit
long,9879,2024-10-21 04:00:00+00:00,2746.672698852539,3.677351374111004,10095.432906905113,5.047716453452557,0.20532415350386857,bull,6.215074218750077,19.97702427455382,1.0,9880,2024-10-21 05:00:00+00:00,2738.63,5.03545239684081,-34.61128207378442,-0.0034284098951428686,stop
long,9881,2024-10-21 06:00:00+00:00,2746.672698852539,3.6643498449376266,10059.739808230599,5.0298699041153,0.43630511828280194,bull,6.655913085937526,21.394006347656337,1.0,9890,2024-10-21 14:00:00+00:00,2738.5299523925783,5.017465903203395,-34.8553376311263,-0.003464834905830132,stop
long,9893,2024-10-21 15:30:00+00:00,2737.918323852539,3.6629489476143138,10023.84312144888,5.011921560724439,0.209319402579083,bull,11.835009765624863,38.04110281807992,1.0,10039,2024-10-26 10:00:00+00:00,2755.473595473633,5.046579553359587,59.25748415620958,0.0059116531891257595,signal_exit
short,10040,2024-10-26 11:00:00+00:00,2755.1917345214847,3.6540570551143317,10072.664127784816,5.036332063892408,0.4010327022375215,bull,8.532757324218755,27.42671997070314,1.0,10085,2024-10-28 08:00:00+00:00,2745.7721022949218,5.016603961063434,29.403269632991954,0.0029191154653796974,signal_exit
long,10086,2024-10-28 09:00:00+00:00,2742.87075,3.3139284823772774,9085.134934437307,4.542567467218653,0.35937685024251986,bear,9.4861752929688,30.49127772739972,1.0,10120,2024-10-29 13:30:00+00:00,2776.211175598144,4.600082643954397,105.88770336031446,0.011655050158797964,takeprofit
long,10121,2024-10-29 14:00:00+00:00,2783.190948852539,3.6615877543721074,10185.804993900792,5.092902496950396,0.4392044600503475,bull,10.99007568359375,35.325243268694194,1.0,10181,2024-10-31 13:00:00+00:00,2764.417148803711,5.061077990017962,-73.80299435183764,-0.007245671245034682,stop
long,10184,2024-10-31 14:30:00+00:00,2749.2239005737297,3.3128878573955083,9103.318818063195,4.551659409031598,0.4392044600503475,bear,13.794970703124953,44.3409772600445,1.0,10343,2024-11-06 06:00:00+00:00,2714.841851196289,4.496983301788665,-118.40085719668345,-0.013006339727632894,stop
long,10374,2024-11-07 06:00:00+00:00,2665.2318522949217,3.3799045045539873,9003.727279612567,4.501863639806284,0.4392044600503475,bear,9.560070800781249,30.72879900251116,1.0,10381,2024-11-07 14:00:00+00:00,2697.950398803711,4.559407352989944,106.02615537452598,0.011775807072100514,takeprofit
long,10390,2024-11-07 18:30:00+00:00,2703.651198852539,3.7358964962943295,10095.513284352988,5.047756642176494,0.209319402579083,neutral,12.815039062500047,41.191196986607295,1.0,10415,2024-11-08 16:00:00+00:00,2689.4546488037113,5.023762099704141,-58.06060368658753,-0.005751129442479712,stop
long,10439,2024-11-09 11:00:00+00:00,2693.2979681835936,3.3562426857061487,9034.844184051391,4.517422092025696,0.20533655655936056,bear,5.2152221679687045,16.76321411132798,1.0,10477,2024-11-11 01:00:00+00:00,2678.5599523925785,4.494948624221501,-53.95930632463867,-0.00597235605013415,stop
long,10501,2024-11-11 20:00:00+00:00,2629.7141022949218,3.4193723816606973,8987.478034033893,4.493739017016947,0.3812512594861186,bear,13.475048828125091,43.31265694754494,1.0,10511,2024-11-12 05:00:00+00:00,2611.5934523925785,4.465005261618547,-66.42625507543436,-0.007390978294899925,stop
long,10512,2024-11-12 06:00:00+00:00,2615.507051147461,3.4159716187034266,8930.032838819008,4.465016419409504,0.209319402579083,bear,7.89498291015625,25.37673078264509,1.0,10513,2024-11-12 07:00:00+00:00,2603.297797607422,4.446395695830046,-46.15285927415634,-0.005168274306173775,stop
long,10514,2024-11-12 08:00:00+00:00,2608.0033011474607,3.4100711727527524,8889.032359507219,4.4445161797536095,0.33949913700878187,bear,9.32493896484375,29.97301810128348,1.0,10515,2024-11-12 09:00:00+00:00,2598.1002023925785,4.429853302051011,-38.20012488699922,-0.004297444687119681,stop
long,10516,2024-11-12 10:00:00+00:00,2603.601198852539,3.402563130347143,8854.490200243148,4.427245100121574,0.23920446005034735,bear,10.004919433593749,32.15866960797991,1.0,10553,2024-11-13 16:00:00+00:00,2590.2042500000002,4.4066667405592375,-49.990630965354875,-0.005645794374924274,stop
long,10575,2024-11-14 09:00:00+00:00,2549.5741988525388,3.457368265829495,8810.411720630113,4.405205860315056,0.2064200608115374,bear,11.929980468749998,38.34636579241071,1.0,10677,2024-11-18 01:00:00+00:00,2590.1042023925784,4.477472037271858,135.64967601601865,0.015396519517741345,takeprofit
long,10682,2024-11-18 06:00:00+00:00,2591.995301147461,3.8242430872453133,9907.466379395813,4.953733189697907,0.4392044600503475,bull,13.796213378906167,44.34497157505554,1.0,10717,2024-11-19 10:00:00+00:00,2637.580452392578,5.043374406057841,169.2853251241136,0.01708664139160441,takeprofit
long,10719,2024-11-19 12:00:00+00:00,2644.5215511474607,3.8042391789840555,10055.36481213679,5.027682406068395,0.20822349527141415,bull,8.660009765625,27.835745675223215,1.0,10721,2024-11-19 14:00:00+00:00,2625.5864523925784,4.994179425000801,-77.02782396625665,-0.007660370897064256,stop
long,10722,2024-11-19 14:30:00+00:00,2628.8637017211913,3.798791701255356,9981.514856401696,4.9907574282008484,0.4392044600503475,bull,11.084973144531295,35.63027082170773,1.0,10777,2024-11-21 08:00:00+00:00,2669.864351196289,5.07112927040099,150.6817977016807,0.015096085100253108,takeprofit
long,10782,2024-11-21 13:00:00+00:00,2669.2338522949217,3.7904858363553577,10112.636792647827,5.056318396323913,0.4392044600503475,bull,8.8099609375,28.31773158482143,1.0,10807,2024-11-22 07:00:00+00:00,2697.750547607422,5.1128926203629215,102.9792370613312,0.01018322314672668,takeprofit
long,10812,2024-11-22 12:00:00+00:00,2706.752602294922,3.7705211013755022,10200.767419446332,5.100383709723166,0.4392044600503475,bull,11.1499755859375,35.839207240513396,1.0,10813,2024-11-22 13:00:00+00:00,2693.752547607422,5.078425411318901,-54.09540592957296,-0.0053030721812603685,stop
long,10814,2024-11-22 14:00:00+00:00,2698.148448852539,3.762789611777294,10147.491208770967,5.073745604385484,0.4392044600503475,bull,13.189990234375,42.39639718191964,1.0,10882,2024-11-25 03:00:00+00:00,2672.663,5.028334286090769,-100.9247164799049,-0.009945780134568708,stop
long,10909,2024-11-25 23:00:00+00:00,2611.80525,3.465574921894501,9046.883333605594,4.523441666802797,0.4392044600503475,bear,14.84996337890625,47.732025146484375,1.0,10949,2024-11-27 08:00:00+00:00,2677.16075,4.638950578540137,221.85543122933714,0.024522857546447178,takeprofit
long,10950,2024-11-27 09:00:00+00:00,2674.5365511474606,3.833492282913222,10247.691383501384,5.123845691750692,0.23920446005034735,bull,12.5200439453125,40.24299839564732,1.0,10951,2024-11-27 10:00:00+00:00,2646.975898803711,5.073580840560658,-110.72712891238004,-0.010805080360894642,stop
long,10952,2024-11-27 11:00:00+00:00,2652.0253011474606,3.826696983139588,10143.425506357667,5.071712753178834,0.4392044600503475,bull,18.1000244140625,58.17864990234375,1.0,11000,2024-11-29 04:00:00+00:00,2669.119006978934,5.10695482582341,60.305477710151905,0.005945277329867884,signal_exit
short,11030,2024-11-30 06:00:00+00:00,2679.611301816587,3.802058649314086,10193.135894818943,5.096567947409471,0.471861471861472,bull,38.262761320891194,122.98744710286456,1.0,11076,2024-12-02 04:00:00+00:00,2652.5255511474606,5.042528857133409,97.93908374758193,0.009608336900262781,signal_exit
long,11077,2024-12-02 05:00:00+00:00,2647.423147705078,3.495341975659725,9249.024743135187,4.624512371567594,0.4392044600503475,bear,45.57213451244206,146.4818609328495,1.0,11549,2024-12-18 14:00:00+00:00,2652.6730000000002,4.635999642299605,13.714029450155255,0.0014827541098680792,signal_exit
short,11551,2024-12-18 15:00:00+00:00,2653.4726488037113,3.874067551320767,10284.874724409827,5.142437362204913,0.25668179339651886,neutral,6.839965820312499,21.985604422433035,1.0,11559,2024-12-18 19:00:00+00:00,2620.80975,5.076597005330045,121.46167938220314,0.011809738342648889,takeprofit
long,11562,2024-12-18 20:30:00+00:00,2604.551625,3.591896989534252,9350.605838005042,4.675302919002521,0.4055481643384333,bear,17.00499267578111,54.658905029296434,1.0,11573,2024-12-19 07:00:00+00:00,2628.785047607422,4.721162549316877,82.32279516039263,0.008804006562419303,signal_exit
short,11577,2024-12-19 11:00:00+00:00,2629.5844523925784,3.5780533871070146,9413.500306720569,4.706750153360285,0.24417313259886386,bear,12.200048828125,39.21444266183036,1.0,11581,2024-12-19 14:30:00+00:00,2606.102448852539,4.662386847132357,79.35747545536296,0.008430177178483479,signal_exit
long,11582,2024-12-19 15:00:00+00:00,2604.401647705078,3.639494079672639,9473.967394215191,4.736983697107596,0.4055481643384333,bear,11.585009765625,37.23753138950893,1.0,11611,2024-12-20 14:30:00+00:00,2641.778547607422,4.807368691911697,131.22563721918485,0.013851181005679973,takeprofit
long,11615,2024-12-20 16:30:00+00:00,2645.5721249999997,4.024003110971635,10640.470226186746,5.320235113093373,0.4392044600503475,bull,13.020031738281249,41.850102015904014,1.0,11686,2024-12-23 11:00:00+00:00,2628.685,5.288918308882237,-73.24276184424652,-0.006883414011534218,stop
long,11687,2024-12-23 12:00:00+00:00,2630.5145511474607,3.6181299835307805,9512.787176032625,4.756393588016313,0.23920446005034735,bear,7.6,24.42857142857143,1.0,11715,2024-12-24 09:00:00+00:00,2628.2669740323154,4.7547057717350185,-12.88673192233938,-0.0013546746798674709,signal_exit
long,11725,2024-12-24 16:30:00+00:00,2632.8157499999998,4.01059650996231,10553.88471596582,5.27694235798291,0.4392044600503475,neutral,7.647802734375046,24.582223074776934,1.0,11876,2024-12-30 08:00:00+00:00,2622.288297607422,5.2584701472496675,-47.479833971716275,-0.00449880164977444,stop
long,11878,2024-12-30 10:00:00+00:00,2624.411647705078,3.6048045837026743,9455.763255542182,4.727881627771091,0.209319402579083,bear,7.649113281249947,24.58643554687483,1.0,11884,2024-12-30 15:00:00+00:00,2612.293297607422,4.708403426595505,-48.392687405537906,-0.00511779811927653,stop
long,11885,2024-12-30 15:30:00+00:00,2614.106448852539,3.602547236190897,9412.735594625203,4.706367797312602,0.4392044600503475,bear,11.864929199218748,38.137272426060264,1.0,11962,2025-01-02 10:00:00+00:00,2653.372601196289,4.779450065512171,136.67871853631604,0.014520615942336827,takeprofit
long,11964,2025-01-02 12:00:00+00:00,2657.728102294922,3.981844078322608,10577.370220804216,5.288685110402108,0.4392044600503475,bull,6.9152198791504365,22.227492468697832,1.0,12009,2025-01-03 20:00:00+00:00,2650.573952392578,5.2770860982452685,-33.76379552232516,-0.0031920784483761826,stop
long,12064,2025-01-06 02:00:00+00:00,2658.528551147461,3.967418027230297,10542.222988234762,5.271111494117381,0.209319402579083,bull,5.7848608398438035,18.5941955566408,1.0,12065,2025-01-06 03:00:00+00:00,2650.8738511962893,5.25856235257478,-35.62795693189317,-0.0033795487888706554,stop
long,12066,2025-01-06 04:00:00+00:00,2648.423647705078,3.9686500090997217,10505.413826651351,5.252706913325675,0.209319402579083,bull,6.475885742187574,20.81534702846006,1.0,12069,2025-01-06 07:00:00+00:00,2637.3806011962893,5.233420273468542,-49.05940690106155,-0.004669916645891851,stop
long,12077,2025-01-06 14:30:00+00:00,2645.522051147461,3.5590650501395644,9410.879631796563,4.7054398158982815,0.21444135817817145,bear,15.174975585937498,48.77670724051339,1.0,12180,2025-01-10 02:00:00+00:00,2695.451648803711,4.796643878799176,172.90604210709145,0.01837299475416659,takeprofit
long,12181,2025-01-10 03:00:00+00:00,2699.048801147461,3.9322065679218414,10607.913466280477,5.303956733140239,0.4392044600503475,bull,6.149975585937499,19.76777866908482,1.0,12192,2025-01-10 14:00:00+00:00,2722.038202392578,5.351808248791129,85.04726631984944,0.008017341637466254,takeprofit
long,12200,2025-01-10 18:00:00+00:00,2718.7586022949217,3.9301107046104318,10679.682444908514,5.3398412224542575,0.209319402579083,bull,18.764990234374906,60.3160400390622,1.0,12268,2025-01-13 11:00:00+00:00,2698.5499523925782,5.3028000274120215,-84.72503133433602,-0.007933291253873214,stop
long,12269,2025-01-13 12:00:00+00:00,2693.245852294922,3.5435053306928586,9538.761653646663,4.7693808268233315,0.4392044600503475,bear,10.4099853515625,33.460667201450896,1.0,12273,2025-01-13 15:00:00+00:00,2679.5594523925784,4.747516601730769,-53.245347613678476,-0.005581997909898798,stop
long,12274,2025-01-13 15:30:00+00:00,2682.540551147461,3.5401200568653146,9491.769723609857,4.745884861804929,0.4392044600503475,bear,12.91500244140625,41.512507847377236,1.0,12349,2025-01-16 01:00:00+00:00,2726.036202392578,4.8252477179154605,149.15457964134325,0.01571409589408134,takeprofit
long,12350,2025-01-16 02:00:00+00:00,2727.86325,3.915781635544668,10676.378629312538,5.338189314656269,0.4392044600503475,bull,7.7051025390625,24.76640101841518,1.0,12368,2025-01-16 17:00:00+00:00,2752.723047607422,5.389531178780847,91.95600775571909,0.008613033590177217,takeprofit
long,12375,2025-01-16 22:00:00+00:00,2747.3229261474607,3.916435061505736,10754.334665909495,5.377167332954747,0.209319402579083,bull,7.499938964843794,24.106946672712198,1.0,12379,2025-01-17 02:00:00+00:00,2745.226797607422,5.37575124096741,-13.585102548596232,-0.0012632211076395157,signal_exit
short,12382,2025-01-17 05:00:00+00:00,2739.729547607422,3.9171384628371992,10737.2686230161,5.36863431150805,0.25668179339651886,bull,5.464941406250045,17.565883091518003,1.0,12391,2025-01-17 14:00:00+00:00,2746.3725,5.378960676514178,-31.400325000278098,-0.002924423901714563,stop
long,12392,2025-01-17 14:30:00+00:00,2748.423573852539,3.89660776810449,10704.17655963549,5.352088279817745,0.4082234952714143,bull,8.19500732421875,26.341094970703125,1.0,12402,2025-01-17 19:30:00+00:00,2739.12975,5.336657130848056,-41.55104335004684,-0.0038817599017127737,stop
long,12414,2025-01-18 06:00:00+00:00,2740.539633852539,3.892406660086703,10661.963741168613,5.330981870584306,0.2203914231951778,neutral,6.936113281250117,22.294649832589663,1.0,12430,2025-01-18 22:00:00+00:00,2736.681023803711,5.326137721793231,-20.345417174528876,-0.0019082241947578505,signal_exit
long,12458,2025-01-20 03:00:00+00:00,2746.272352294922,3.488276375998105,9574.969483825209,4.787484741912604,0.4144413581781714,bear,11.686015624999936,37.562193080356934,1.0,12473,2025-01-20 18:00:00+00:00,2744.055313330078,4.786011661960695,-12.519656307690934,-0.0013075400740274025,signal_exit
short,12474,2025-01-20 19:00:00+00:00,2743.9073892822266,3.869652072544386,10623.278555083365,5.3116392775416825,0.28766275817545206,bull,6.661224609374995,21.411079101562486,1.0,12487,2025-01-21 08:00:00+00:00,2736.7676022949217,5.295169212146437,22.333322300804422,0.002102300357182827,signal_exit
long,12488,2025-01-21 09:00:00+00:00,2732.765602294922,3.8949251117258856,10638.598069804304,5.319299034902152,0.4082234952714143,bull,7.6141406249999815,24.474023437499945,1.0,12500,2025-01-21 18:00:00+00:00,2759.219797607422,5.373477239236182,97.66363239392207,0.009180122395179329,takeprofit
long,12503,2025-01-21 19:30:00+00:00,2758.0283494262694,3.889397593046424,10721.707969827421,5.36085398491371,0.4392044600503475,bull,11.47501220703125,36.883967808314736,1.0,12539,2025-01-22 23:00:00+00:00,2762.018202392578,5.371293474168052,10.146831049601023,0.0009463819643433497,signal_exit
short,12543,2025-01-23 03:00:00+00:00,2758.720047607422,3.8860965072584426,10726.01534918564,5.36300767459282,0.24432579001798405,bull,5.169982910156204,16.61780221121637,1.0,12553,2025-01-23 14:00:00+00:00,2753.7761022949217,5.350719846450032,13.861928764534584,0.0012923651806620838,signal_exit
long,12554,2025-01-23 14:30:00+00:00,2753.4760255737297,3.5101551637102864,9660.29794034993,4.830148970174966,0.4392044600503475,bear,9.409997558593794,30.246420724051482,1.0,12582,2025-01-24 12:00:00+00:00,2784.506952392578,4.887025728664,104.03634227923199,0.010769475529805804,takeprofit
long,12589,2025-01-24 16:30:00+00:00,2780.2394005737297,3.894758640168279,10822.94995214474,5.41147497607237,0.2064200608115374,bull,11.344970703124954,36.4659772600445,1.0,12608,2025-01-25 07:00:00+00:00,2775.1317595214846,5.404234199000851,-25.297263318110847,-0.002337372290361353,signal_exit
short,12615,2025-01-25 14:00:00+00:00,2774.4461161865233,3.500130325767576,9715.780878911977,4.857890439455988,0.28766275817545206,bear,5.791922363281174,18.61689331054663,1.0,12656,2025-01-27 07:00:00+00:00,2755.1769488525388,4.821739195767276,62.62285774220307,0.006445478600502968,takeprofit
long,12657,2025-01-27 08:00:00+00:00,2762.980897705078,3.5351137591255966,9762.570502427201,4.8812852512136,0.209319402579083,bear,12.77597167968761,41.06562325613875,1.0,12664,2025-01-27 14:30:00+00:00,2748.425148803711,4.857997779731407,-56.31422599533168,-0.005768380979305672,stop
long,12665,2025-01-27 15:00:00+00:00,2746.3725,3.538434294469035,9713.0021383175,4.8565010691587505,0.4392044600503475,bear,13.204956054687456,42.44450160435254,1.0,12748,2025-01-30 08:00:00+00:00,2811.893398803711,4.974850017359073,226.86654531412756,0.023356995302116313,takeprofit
long,12749,2025-01-30 09:00:00+00:00,2813.005897705078,3.909529540532449,10992.033637951028,5.496016818975514,0.4144413581781714,bull,11.205017089843794,36.0161263602122,1.0,12750,2025-01-30 10:00:00+00:00,2792.902898803711,5.459468193355908,-84.05273625154227,-0.007646695690717531,stop
long,12751,2025-01-30 11:00:00+00:00,2818.708698852539,3.8730130163900185,10911.439760187563,5.455719880093781,0.4454223229571046,bull,15.420019531250043,49.56434849330371,1.0,12771,2025-01-31 00:00:00+00:00,2851.173797607422,5.521316615061853,120.2164334409869,0.011017467546273696,signal_exit
long,12853,2025-02-03 03:00:00+00:00,2809.6040511474607,3.5301090145010092,9913.25196215313,4.956625981076565,0.4082234952714143,bear,70.04901855468756,225.15755964006718,1.0,13188,2025-02-14 17:00:00+00:00,2900.2491011962893,5.119097748215735,314.86781054904793,0.03176231288694689,signal_exit
short,13191,2025-02-14 18:30:00+00:00,2894.4520744018555,3.5098863689915403,10164.280021653187,5.082140010826594,0.3170817491766209,bear,21.319995117187453,68.52855573381682,1.0,13203,2025-02-15 04:00:00+00:00,2894.964703308105,5.080498575426378,-6.879767785822611,-0.000676857364335348,signal_exit
long,13204,2025-02-15 05:00:00+00:00,2894.9386893310543,3.5094588390484036,10154.590876337901,5.07729543816895,0.4082234952714143,bear,7.489457519531288,24.073256312779144,1.0,13269,2025-02-17 22:00:00+00:00,2919.1036340576175,5.122237025320911,79.68364184043176,0.007847055859838683,takeprofit
long,13279,2025-02-18 08:00:00+00:00,2926.762698852539,3.87995223525717,11350.024463248592,5.675012231624296,0.4063580403069398,bull,7.938090820312617,25.515291922433413,1.0,13295,2025-02-18 19:00:00+00:00,2953.322648803711,5.729375406330792,97.32196177503779,0.008574603701530913,takeprofit
long,13321,2025-02-19 16:30:00+00:00,2944.021323852539,3.885237813504881,11432.506717837665,5.7162533589188325,0.4082234952714143,bull,13.050012207031294,41.94646780831488,1.0,13484,2025-02-25 10:00:00+00:00,2949.424452392578,5.729607705255786,15.262831609732801,0.001335038061768102,signal_exit
long,13491,2025-02-25 15:30:00+00:00,2914.5565255737297,3.5347186367559997,10296.988774437059,5.14849438721853,0.20822349527141415,bear,19.539965820312545,62.80703299386175,1.0,13544,2025-02-27 08:00:00+00:00,2891.353648803711,5.11006081393947,-87.12570175927698,-0.008461279668049378,stop
long,13545,2025-02-27 09:00:00+00:00,2901.8501022949217,3.524426637615738,10222.246675558397,5.1111233377791985,0.20822349527141415,bear,10.959973144531203,35.228485107421726,1.0,13550,2025-02-27 14:00:00+00:00,2882.7578511962893,5.080034280276054,-72.36927262434456,-0.007079585821126874,stop
long,13551,2025-02-27 15:30:00+00:00,2888.8437244262695,3.5185590735356227,10159.487554829078,5.0797437774145395,0.20822349527141415,bear,15.95494384765625,51.283748081752236,1.0,13572,2025-02-28 07:00:00+00:00,2868.964702392578,5.047310892628417,-74.99282424228787,-0.0073815557957587884,stop
long,13580,2025-02-28 14:30:00+00:00,2855.476951721191,3.536948909019461,10094.628774733117,5.0473143873665585,0.4392044600503475,bear,13.94002685546875,44.80722917829242,1.0,13662,2025-03-03 16:00:00+00:00,2900.448952392578,5.129369878915783,153.93429883216788,0.015249129241628563,takeprofit
long,13667,2025-03-03 18:30:00+00:00,2897.2479488525387,3.9195566989307364,11350.25248014823,5.675126240074115,0.20822349527141415,bull,12.6300537109375,40.59660121372768,1.0,13926,2025-03-12 15:30:00+00:00,2938.3300267944337,5.758475570095727,155.26505823305317,0.013679436515144855,takeprofit
long,13932,2025-03-12 18:30:00+00:00,2943.07077557373,3.9042981759116446,11484.883418941912,5.742441709470956,0.37810945273631824,bull,12.149951171875045,39.053414481026934,1.0,13955,2025-03-13 14:30:00+00:00,2983.5075,5.824251445034356,152.0527779722957,0.01323938366858095,takeprofit
long,13958,2025-03-13 16:00:00+00:00,2993.4959999999996,3.8825410165703387,11616.562721578453,5.808281360789227,0.3377035556415271,bull,16.280017089843795,52.3286263602122,1.0,14114,2025-03-19 05:00:00+00:00,3049.8742023925784,5.920630843084465,212.97005238660623,0.018333310592039565,takeprofit
long,14118,2025-03-19 09:00:00+00:00,3040.4193522949217,3.883974034945549,11803.00831550169,5.9015041577508445,0.3242725422105137,bull,7.849975585937499,25.232064383370535,1.0,14144,2025-03-20 05:00:00+00:00,3053.772398803711,5.930386352793499,45.93249957476423,0.003891592579362837,signal_exit
long,14154,2025-03-20 14:00:00+00:00,3050.02425,3.883561164958833,11839.036211377002,5.919518105688502,0.4082234952714143,bull,11.934973144531293,38.36241367885059,1.0,14173,2025-03-21 03:00:00+00:00,3036.3809523925784,5.895985574366267,-58.88056632452323,-0.004973425646586042,stop
long,14176,2025-03-21 06:00:00+00:00,3038.4183522949215,3.491272304914679,10602.644521850829,5.3013222609254145,0.2550435264462634,bear,6.344958496093705,20.394509451729768,1.0,14183,2025-03-21 13:00:00+00:00,3009.3944523925784,5.253307753101043,-106.58364566276796,-0.010052552968564716,stop
long,14184,2025-03-21 13:30:00+00:00,3017.3579005737297,3.4855903917403253,10512.017697832636,5.256008848916318,0.4144413581781714,bear,13.674938964843749,43.95516095842633,1.0,14355,2025-03-27 14:00:00+00:00,3067.265648803711,5.345615837192685,168.61235186662552,0.016039960806134294,takeprofit
long,14358,2025-03-27 15:30:00+00:00,3064.081323852539,3.8618276222130645,11827.040372974423,5.913520186487212,0.4082234952714143,bull,16.064941406249908,51.63731166294613,1.0,14378,2025-03-28 07:00:00+00:00,3116.4410000000003,6.017578968398653,196.18646466799817,0.016587959327195444,takeprofit
long,14380,2025-03-28 09:00:00+00:00,3112.455352294922,3.8568537721089267,11998.286023007784,5.999143011503892,0.4082234952714143,bull,17.374963378906294,55.84809657505595,1.0,14483,2025-04-01 02:00:00+00:00,3171.7133988037112,6.1164173931122585,222.4332028121168,0.018538748149992533,takeprofit
long,14501,2025-04-01 16:30:00+00:00,3144.2713011474607,3.8798093570089898,12193.076676828336,6.096538338414168,0.3377035556415271,bull,51.14996337890625,164.41059657505582,1.0,14537,2025-04-02 20:00:00+00:00,3188.7048988037113,6.185783551559521,166.20810440073436,0.013631350708767004,signal_exit
long,14553,2025-04-03 12:00:00+00:00,3098.8486988525387,3.983203723175687,12337.177086284424,6.168588543142212,0.4082234952714143,neutral,47.1199951171875,151.45712716238842,1.0,14574,2025-04-04 02:00:00+00:00,3115.741398803711,6.205316370083782,61.081748969914884,0.004951031223975956,signal_exit
short,14579,2025-04-04 07:00:00+00:00,3111.543547607422,3.580976739551222,11147.939037601669,5.573969518800834,0.3716137112363527,bear,39.50500488281245,126.98037283761147,1.0,14590,2025-04-04 16:00:00+00:00,3051.5249999999996,5.463720022579522,209.46130290124827,0.018789240073411012,signal_exit
short,14606,2025-04-05 04:00:00+00:00,3049.8863837988283,3.707492611468531,11313.087777641453,5.6565438888207265,0.28766275817545206,bear,41.85738183593739,134.5415844726559,1.0,14649,2025-04-06 23:00:00+00:00,3017.0077499999998,5.592766970934148,116.30452491340324,0.010280528817540064,signal_exit
long,14650,2025-04-07 00:00:00+00:00,2995.99725,3.80788533720867,11402.712642271363,5.701356321135681,0.4082234952714143,bear,94.73446875000013,304.5036495535719,1.0,14659,2025-04-07 09:00:00+00:00,3039.5795476074222,5.787185195306833,160.16920682586078,0.014046588022580905,signal_exit
long,14675,2025-04-07 19:00:00+00:00,2993.796198852539,3.8524985506366045,11527.831601180193,5.763915800590096,0.4082234952714143,bear,61.86499023437499,198.85175432477678,1.0,14693,2025-04-08 12:00:00+00:00,3015.4915,5.8085883166035,77.7725279096145,0.006746501042021843,signal_exit
short,14694,2025-04-08 13:00:00+00:00,3023.087797607422,3.8306414742122663,11586.158576988502,5.793079288494251,0.28766275817545206,bear,32.1299560546875,103.27485874720983,1.0,14709,2025-04-08 21:00:00+00:00,2998.34840057373,5.7427988686878715,89.02496145557673,0.00768373407493239,signal_exit
long,14710,2025-04-08 22:00:00+00:00,2996.897602294922,4.322767792643016,12948.418223937597,6.474209111968799,0.4082234952714143,bull,30.59493408203129,98.3408595493863,1.0,14728,2025-04-09 15:00:00+00:00,3100.549047607422,6.70147678125367,441.35965267652017,0.03408598989030054,takeprofit
long,14749,2025-04-10 07:00:00+00:00,3126.06225,4.269423947238179,13339.815123145692,6.669907561572846,0.4082234952714143,bull,37.9849609375,122.09451729910714,1.0,14785,2025-04-11 12:00:00+00:00,3249.474547607422,6.936692224748039,519.9627265640667,0.03897825582769044,takeprofit
long,14786,2025-04-11 13:00:00+00:00,3242.6205,4.258493878509083,13801.778660247937,6.900889330123968,0.20822349527141415,bull,45.949999999999996,147.69642857142856,1.0,14804,2025-04-12 00:00:00+00:00,3251.937124296875,6.924177168557337,32.75061036805356,0.002372926792572199,signal_exit
short,14806,2025-04-12 02:00:00+00:00,3251.2694602490237,4.250072489045284,13825.043409182073,6.912521704591037,0.3716137112363527,bull,36.11243212890626,116.07567470005586,1.0,14851,2025-04-13 23:00:00+00:00,3242.3203011474607,6.890048156289922,31.144526741351584,0.0022527615877622896,signal_exit
long,14852,2025-04-14 00:00:00+00:00,3239.6189999999997,3.848723592447079,12462.166992343642,6.231083496171821,0.4082234952714143,bear,42.059591796874834,135.1915450613834,1.0,14853,2025-04-14 01:00:00+00:00,3254.571851196289,6.262973733506661,51.28641744000357,0.004115369138570548,signal_exit
short,14854,2025-04-14 02:00:00+00:00,3246.376,3.8481101640511532,12498.661812838145,6.249330906419073,0.3271692667919084,bear,41.541994628906146,133.5278398786269,1.0,14870,2025-04-14 15:30:00+00:00,3220.6095,6.196630075694851,92.95570046633023,0.00743725223214294,signal_exit
long,14871,2025-04-14 16:00:00+00:00,3225.011602294922,3.8992661019325494,12568.893972181675,6.284446986090837,0.4082234952714143,bear,40.86999511718759,131.36784144810298,1.0,14940,2025-04-16 21:00:00+00:00,3359.619276794434,6.5500247807018415,518.3211174552156,0.041238403204164095,takeprofit
short,14949,2025-04-17 06:00:00+00:00,3340.7287023925783,4.316141446801379,14426.27075029074,7.21313537514537,0.28766275817545206,bull,17.0349609375,54.75523158482143,1.0,14958,2025-04-17 14:00:00+00:00,3305.8520511474608,7.134262527475454,143.39829743721398,0.009940080837199316,signal_exit
long,14959,2025-04-17 14:30:00+00:00,3308.15325,4.400071796808287,14548.837396146602,7.274418698073301,0.4001401774001827,bull,22.379992675781203,71.93569074358244,1.0,15046,2025-04-21 00:00:00+00:00,3380.80875,7.43790061563884,312.2515158173672,0.02146230020414346,takeprofit
long,15050,2025-04-21 04:00:00+00:00,3390.294397705078,4.374466256377264,14823.316783553968,7.411658391776984,0.4082234952714143,bull,26.113060203758412,83.93483636922346,1.0,15079,2025-04-22 02:00:00+00:00,3480.9586011962892,7.6136679703896855,388.99383086323616,0.026242023734850847,takeprofit
short,15081,2025-04-22 04:00:00+00:00,3492.1529523925783,4.340920221728233,15166.740738778282,7.583370369389141,0.28766275817545206,bull,22.620056152343796,72.70732334681935,1.0,15095,2025-04-22 15:30:00+00:00,3418.8585994262694,7.420496214739479,310.7444427151987,0.0204885445111281,takeprofit
short,15102,2025-04-22 19:00:00+00:00,3385.906297607422,4.101908942296468,13895.62713350056,6.9478135667502805,0.3170817491766209,bear,43.49499511718745,139.80534144810252,1.0,15121,2025-04-23 13:00:00+00:00,3289.644,6.746910070285962,388.11226929160296,0.027930532790126073,signal_exit
long,15137,2025-04-23 22:00:00+00:00,3322.8605511474607,4.276879005019173,14204.370342637692,7.102185171318847,0.4082234952714143,bear,29.275012207031295,94.0982535226006,1.0,15148,2025-04-24 09:00:00+00:00,3346.0261011962893,7.155274391226285,91.92098025232995,0.006471316787369866,signal_exit
short,15149,2025-04-24 10:00:00+00:00,3339.8292500000002,4.7460633337168305,15858.970629614789,7.929485314807395,0.3239946636173052,neutral,26.20999755859375,84.24642072405135,1.0,15167,2025-04-24 21:00:00+00:00,3371.685,8.001115275671516,-159.19052231871956,-0.010037884931916685,stop
short,15169,2025-04-24 23:00:00+00:00,3358.5198511962894,4.674889247964613,15708.562622744616,7.854281311372308,0.28766275817545206,bull,18.32000732421884,58.88573782784627,1.0,15183,2025-04-25 13:00:00+00:00,3292.3453011474608,7.69567482446054,301.66301768770484,0.019203731425491685,takeprofit
long,15186,2025-04-25 14:30:00+00:00,3292.445326721191,4.368448935483694,14375.691436934983,7.187845718467492,0.4144413581781714,bear,26.419995117187543,84.92141287667425,1.0,15211,2025-04-26 10:00:00+00:00,3325.9321395312504,7.264582357213148,139.02084941563203,0.009670550458425284,signal_exit
short,15212,2025-04-26 11:00:00+00:00,3325.7462315551757,4.836085873333575,16091.640188810763,8.045820094405382,0.3716137112363527,bull,25.261656738281317,81.1981823730471,1.0,15250,2025-04-28 01:00:00+00:00,3292.445448852539,7.961274461958593,153.0841703372138,0.009513273261209263,signal_exit
long,15251,2025-04-28 02:00:00+00:00,3292.5453522949215,4.436463480164924,14599.95723362636,7.29997861681318,0.4082234952714143,bear,36.73202392578132,118.06721976143996,1.0,15277,2025-04-28 21:00:00+00:00,3349.8742738037113,7.43079743943708,246.9068691915498,0.016911478933847715,signal_exit
short,15279,2025-04-28 23:00:00+00:00,3346.326,4.909743400700882,16437.820905546552,8.218910452773276,0.28766275817545206,bull,17.634887695312454,56.68356759207575,1.0,15320,2025-04-30 09:00:00+00:00,3286.942698852539,8.069022612086599,283.4877483084959,0.01724606624791974,takeprofit
long,15321,2025-04-30 10:00:00+00:00,3283.240897705078,4.576123271199414,15017.006573655035,7.508503286827517,0.20822349527141415,bear,15.84503173828125,50.93045915876117,1.0,15342,2025-05-01 00:00:00+00:00,3252.272952392578,7.441400970868051,-149.15453617663027,-0.009932374700980576,stop
short,15349,2025-05-01 07:00:00+00:00,3236.580851196289,4.598267474589098,14890.109511689636,7.445054755844818,0.28766275817545206,bear,22.9900512695312,73.89659336635029,1.0,15360,2025-05-01 15:30:00+00:00,3227.7630994262695,7.421059037885356,33.12532212519625,0.0022246526863479994,signal_exit
long,15361,2025-05-01 16:00:00+00:00,3229.3138011474607,4.619670587052286,14910.910528258812,7.455455264129406,0.3749348495617151,bear,23.13505859375,74.36268833705358,1.0,15385,2025-05-02 12:00:00+00:00,3255.971297607422,7.520757417921736,115.62809490261174,0.007754596520680347,signal_exit
short,15386,2025-05-02 13:00:00+00:00,3256.371,5.115111645305907,16665.033740406645,8.332516870203323,0.28766275817545206,bull,17.1499755859375,55.12492152622768,1.0,15394,2025-05-02 17:00:00+00:00,3240.0191022949216,8.286529720581173,75.35525265351461,0.004521758181071397,signal_exit
long,15395,2025-05-02 17:30:00+00:00,3237.918076721191,5.168048259163484,16725.354202611623,8.362677101305811,0.3377035556415271,bull,26.2049560546875,84.23021589006697,1.0,15464,2025-05-05 12:00:00+00:00,3326.935797607422,8.596882378586857,451.4509950822004,0.02699201401735979,takeprofit
long,15468,2025-05-05 14:30:00+00:00,3322.8606732788085,5.156007861964691,17124.133688794427,8.562066844397213,0.4082234952714143,bull,18.469970703125,59.36776297433036,1.0,15484,2025-05-06 01:00:00+00:00,3387.2054523925785,8.732228971312901,323.02995801566703,0.018864017525572645,takeprofit
long,15486,2025-05-06 03:00:00+00:00,3370.0841022949216,5.16778152699048,17407.15479084857,8.703577395424285,0.37810945273631824,bull,21.134924316406202,67.93368530273423,1.0,15510,2025-05-06 20:00:00+00:00,3440.079148803711,8.888788738286477,352.8303195906753,0.020269269954224116,takeprofit
long,15552,2025-05-08 07:00:00+00:00,3350.5743522949215,4.761319369916826,15945.181972941866,7.972590986470933,0.4082234952714143,bear,26.269982910156294,84.43923078264524,1.0,15563,2025-05-08 15:30:00+00:00,3324.0371011962893,7.913401118124035,-134.26572879838838,-0.008420457604449436,stop
long,15576,2025-05-09 02:00:00+00:00,3314.856551147461,4.777848957868386,15829.96893391613,7.914984466958066,0.4082234952714143,bear,28.00499267578125,90.01604788643974,1.0,15598,2025-05-09 18:30:00+00:00,3337.130648803711,7.972153096328731,98.45012117804629,0.006219223903030807,signal_exit
short,15599,2025-05-09 19:00:00+00:00,3332.433047607422,5.299881670163262,17670.3359940579,8.83516799702895,0.28766275817545206,bull,15.990100097656295,51.39675031389524,1.0,15649,2025-05-11 20:00:00+00:00,3280.4353550097653,8.692959604085884,266.8886582850214,0.015103768166874105,takeprofit
short,15650,2025-05-11 21:00:00+00:00,3276.109080124512,4.91566952291846,16112.325721785386,8.056162860892693,0.3170817491766209,bear,50.13397949218747,161.14493408203117,1.0,15660,2025-05-12 07:00:00+00:00,3228.4134488525387,7.934906798952249,226.52105422104356,0.014058867610575032,signal_exit
long,15684,2025-05-13 00:00:00+00:00,3245.5218522949217,5.0215119991889825,16289.282283787108,8.144641141893555,0.20822349527141415,bear,14.61492919921875,46.976558140345986,1.0,15685,2025-05-13 01:00:00+00:00,3227.8852500000003,8.104432257440065,-96.66684230631131,-0.005934383149742872,stop
long,15687,2025-05-13 03:00:00+00:00,3242.520352294922,4.999964661196538,16204.38498219406,8.10219249109703,0.4082234952714143,bear,15.649914550781205,50.30329677036816,1.0,15719,2025-05-14 04:00:00+00:00,3226.186148803711,8.065408367230155,-89.73584859207531,-0.005537750966215637,stop
long,15720,2025-05-14 05:00:00+00:00,3238.8185511474608,5.534665215528949,17916.81796546299,8.958408982731495,0.4082234952714143,bull,11.425,36.72321428571429,1.0,15726,2025-05-14 11:00:00+00:00,3222.0881011962892,8.916589467530413,-101.51402885242597,-0.0056658514390282655,stop
long,15730,2025-05-14 14:00:00+00:00,3187.292801147461,5.033635853989143,16035.653494270211,8.017826747135105,0.4144413581781714,bear,21.17003173828125,68.04653058733258,1.0,15747,2025-05-15 02:00:00+00:00,3155.3214523925785,7.941369596812191,-168.87349698977943,-0.010531126595502987,stop
long,15749,2025-05-15 04:00:00+00:00,3142.8706988525387,5.059170176364409,15892.371522043313,7.946185761021657,0.20822349527141415,bear,16.9650390625,54.53048270089286,1.0,15759,2025-05-15 13:30:00+00:00,3199.999175598144,8.094670196788414,280.9280155757072,0.017676909653543498,takeprofit
long,15760,2025-05-15 14:00:00+00:00,3210.10425,5.022124607820853,16113.486804193206,8.056743402096604,0.4144413581781714,bear,24.864953613281248,79.92306518554688,1.0,15777,2025-05-16 01:00:00+00:00,3224.387,8.096636648918828,63.63311359343464,0.003949059217702988,signal_exit
long,15788,2025-05-16 12:00:00+00:00,3181.5899999999997,5.645878289325014,17953.892960053545,8.976946480026772,0.20822349527141415,bull,25.6700439453125,82.51085553850447,1.0,15900,2025-05-20 13:30:00+00:00,3273.3125982055667,9.240362266191433,508.61426358310194,0.02832891254920265,takeprofit
long,15901,2025-05-20 14:00:00+00:00,3286.942698852539,5.041612529975709,16563.209890901686,8.281604945450843,0.4082234952714143,bear,21.485070800781205,69.05915614536816,1.0,15924,2025-05-21 07:00:00+00:00,3310.1441488037112,8.344232108317286,108.62848867911752,0.006558420100610335,signal_exit
long,15946,2025-05-21 22:00:00+00:00,3321.0596022949217,5.571452456737292,18493.878740806613,9.246939370403307,0.20822349527141415,bull,13.780004882812408,44.29287283761131,1.0,15957,2025-05-22 09:00:00+00:00,3303.7472023925784,9.203335233604545,-105.65854820153322,-0.005713163240786173,stop
long,15962,2025-05-22 13:30:00+00:00,3293.24577557373,5.587089542591879,18390.46380199187,9.195231900995935,0.4082234952714143,bull,23.740026855468702,76.30722917829226,1.0,16004,2025-05-23 19:00:00+00:00,3358.7197023925783,9.382733862867441,356.42595797914475,0.019381020610287177,signal_exit
short,16006,2025-05-23 20:00:00+00:00,3356.0211011962892,5.5701735495855305,18702.971455462204,9.351485727731102,0.28766275817545206,bull,15.245031738281202,49.00188773018958,1.0,16068,2025-05-26 10:00:00+00:00,3332.865551147461,9.282319768663195,119.69811263942373,0.006399951629315346,signal_exit
long,16069,2025-05-26 11:00:00+00:00,3334.5663522949217,5.077276718036023,16922.055077714456,8.461027538857229,0.4082234952714143,bear,13.5400390625,43.52155412946429,1.0,16083,2025-05-27 01:00:00+00:00,3333.3325,8.462125747861407,-14.726735278360408,-0.0008702687239066383,signal_exit
long,16092,2025-05-27 10:00:00+00:00,3293.1457499999997,5.135431563066234,16903.27298983251,8.451636494916254,0.4082234952714143,bear,16.955035400390624,54.498328072684146,1.0,16143,2025-05-28 23:00:00+00:00,3253.7722023925785,8.354762233597192,-210.55492136663807,-0.01245645866887963,stop
long,16144,2025-05-29 00:00:00+00:00,3262.730647705078,5.128906558245644,16725.87767796465,8.362938838982325,0.4082234952714143,bear,20.11502685546884,64.65544346400699,1.0,16156,2025-05-29 12:00:00+00:00,3339.629398803711,8.564323562817155,385.84218526786077,0.023068576292183753,takeprofit
short,16173,2025-05-29 22:00:00+00:00,3335.7312023925783,5.670294362856568,18924.039852857826,9.462019926428914,0.28766275817545206,bull,13.12999267578134,42.20354788644002,1.0,16188,2025-05-30 13:30:00+00:00,3305.251897705078,9.370875601689038,163.4557539516322,0.008637466165922697,signal_exit
long,16189,2025-05-30 14:00:00+00:00,3308.253397705078,5.765025600462629,19062.63421348051,9.531317106740255,0.4144413581781714,neutral,21.894970703125,70.37669154575893,1.0,16264,2025-06-02 11:00:00+00:00,3379.509351196289,9.741478963324727,401.0509170988818,0.021038588508154394,takeprofit
long,16265,2025-06-02 12:00:00+00:00,3381.7901477050777,5.743913284383423,19415.001853473437,9.707500926736719,0.4082234952714143,bull,15.549951171874998,49.98198590959821,1.0,16283,2025-06-02 23:00:00+00:00,3411.093648803711,9.796513061819779,158.5202561775638,0.00816483343004182,signal_exit
short,16284,2025-06-03 00:00:00+00:00,3399.599398803711,5.747488622750151,19548.93333319918,9.77446666659959,0.28766275817545206,bull,11.319970703124907,36.3856201171872,1.0,16305,2025-06-03 17:00:00+00:00,3379.288897705078,9.711212246272916,107.02316174047722,0.005474629224844919,signal_exit
long,16306,2025-06-03 18:30:00+00:00,3378.6884999999997,5.2332873683414585,17672.811442889106,8.836405721444553,0.4082234952714143,bear,15.27503662109384,49.09833199637306,1.0,16353,2025-06-05 09:00:00+00:00,3411.79325,8.927447259308828,164.3192227477966,0.00929785412348258,signal_exit
short,16354,2025-06-05 10:00:00+00:00,3422.388047607422,5.775646485225726,19776.391694089387,9.888195847044694,0.28766275817545206,bull,12.489941406250043,40.14624023437514,1.0,16360,2025-06-05 14:30:00+00:00,3381.239823852539,9.764422952169586,227.89317095100222,0.01152349601869552,takeprofit
long,16363,2025-06-05 16:00:00+00:00,3378.488448852539,5.914651706610281,19972.596171682948,9.986298085841474,0.4082234952714143,neutral,24.95991210937495,80.22828892299091,1.0,16380,2025-06-06 05:00:00+00:00,3387.8052500000003,10.018844051787884,45.08678975519143,0.0022574326025334287,signal_exit
short,16398,2025-06-06 18:00:00+00:00,3338.130148803711,5.390672402404457,18003.76795276683,9.001883976383414,0.3239946636173052,bear,19.859985351562546,63.835667201451045,1.0,16454,2025-06-09 00:00:00+00:00,3326.962698852539,8.967283002266715,51.23278125475342,0.0028456699391573716,signal_exit
long,16455,2025-06-09 01:00:00+00:00,3317.15775,6.04499907155358,20042.194421735894,10.021097210867948,0.4082234952714143,bull,16.699985351562553,53.678524344308215,1.0,16473,2025-06-09 16:30:00+00:00,3354.5218511962894,10.139040737993883,215.72691630301156,0.010763637542057485,signal_exit
short,16474,2025-06-09 17:00:00+00:00,3352.3230000000003,6.030807888765302,20227.32965891882,10.113664829459411,0.28766275817545206,bull,13.049951171874907,41.94627162388363,1.0,16487,2025-06-10 05:00:00+00:00,3339.5688522949217,10.070149089747549,66.8476655045203,0.0033048191052270316,signal_exit
long,16488,2025-06-10 06:00:00+00:00,3346.872551147461,6.061936672103126,20278.390259526375,10.139195129763188,0.4082234952714143,bull,14.099914550781248,45.321153913225444,1.0,16521,2025-06-11 08:00:00+00:00,3363.81725,10.195623573014045,92.5220677989382,0.004562594299390861,signal_exit
long,16534,2025-06-11 17:00:00+00:00,3346.1722499999996,6.085374449074192,20352.534844928636,10.176267422464319,0.3292809182550229,bull,18.090063476562637,58.14663260323705,1.0,16556,2025-06-12 12:00:00+00:00,3407.4953511962894,10.367942572754496,362.80609058513676,0.017826088659199095,takeprofit
long,16582,2025-06-13 07:00:00+00:00,3437.21775,6.016562854249758,20669.901685775043,10.334950842887523,0.4082234952714143,bull,18.374963378906248,59.062382289341514,1.0,16622,2025-06-14 17:00:00+00:00,3457.6323551147466,10.401531195717746,112.42422362184655,0.005439030399414842,signal_exit
short,16623,2025-06-14 18:00:00+00:00,3457.954191186524,6.001063054320006,20761.782031276103,10.380891015638051,0.28766275817545206,bull,20.007609863281367,64.31017456054725,1.0,16680,2025-06-16 20:00:00+00:00,3406.002198852539,10.219816979233338,301.54736481455836,0.014524156180827799,signal_exit
long,16681,2025-06-16 21:00:00+00:00,3411.1047244262695,5.549788389872923,18921.448671925624,9.460724335962812,0.4082234952714143,bear,11.58494873046875,37.237335205078125,1.0,16692,2025-06-17 08:00:00+00:00,3395.5013511962893,9.422156988333494,-96.01757658293316,-0.005074536218011552,stop
long,16693,2025-06-17 09:00:00+00:00,3405.501948852539,5.533818372987643,18836.011248181312,9.418005624090656,0.4082234952714143,bear,14.6949951171875,47.23391287667411,1.0,16739,2025-06-18 18:30:00+00:00,3389.5044732055667,9.378451064574383,-97.90557572121155,-0.005197787070267581,stop
long,16742,2025-06-18 20:00:00+00:00,3388.9936988525387,5.5351102285072376,18749.07914729162,9.37453957364581,0.4082234952714143,bear,16.909973144531342,54.35348510742217,1.0,16746,2025-06-19 00:00:00+00:00,3394.6018988037113,9.394747845889256,21.647257067358836,0.0011545770806821662,signal_exit
long,16753,2025-06-19 07:00:00+00:00,3384.5913522949218,5.545248334266365,18759.020048461527,9.379510024230763,0.20822349527141415,bear,15.3599609375,49.37130301339286,1.0,16772,2025-06-20 02:00:00+00:00,3366.81575,9.334914714734632,-107.90504373122896,-0.005752168474284376,stop
long,16796,2025-06-20 20:00:00+00:00,3386.092102294922,5.51472051130674,18664.019559919605,9.332009779959803,0.20822349527141415,bear,9.394995117187454,30.198198590959677,1.0,16819,2025-06-21 19:00:00+00:00,3387.1675611914065,9.339641212467537,-3.4087859769570024,-0.0001826394344483684,signal_exit
short,16820,2025-06-21 20:00:00+00:00,3387.361468095703,6.115665488776189,20726.332794840557,10.36316639742028,0.35341365461847385,bull,17.325000000000042,55.68750000000014,1.0,16852,2025-06-23 04:00:00+00:00,3375.18675,10.320756562574834,64.1357467308949,0.0030944088066973585,signal_exit
long,16853,2025-06-23 05:00:00+00:00,3373.1857499999996,5.5456785719788275,18697.255305426617,9.34862765271331,0.4082234952714143,bear,26.05504882812497,83.74837123325884,1.0,16869,2025-06-23 17:00:00+00:00,3396.0011011962893,9.416565268660381,117.11003897277286,0.006263488253208122,signal_exit
short,16870,2025-06-23 17:30:00+00:00,3394.052125,5.531780033452364,18784.542048595864,9.392271024297932,0.28766275817545206,bear,20.630017089843793,66.31076921735506,1.0,16892,2025-06-24 13:00:00+00:00,3317.257897705078,9.175170502168557,415.6336027322853,0.02212636335009049,takeprofit
short,16951,2025-06-26 10:00:00+00:00,3354.2219523925783,6.328356388411299,21237.330585865926,10.618665292932963,0.28766275817545206,bull,10.10494384765625,32.480176653180806,1.0,16957,2025-06-26 14:30:00+00:00,3335.5669744262696,10.554328285792115,107.5010207029722,0.005061889500110589,signal_exit
long,16958,2025-06-26 15:00:00+00:00,3339.268897705078,6.389179075321098,21324.524705734966,10.662262352867483,0.4082234952714143,bull,14.525000000000043,46.68750000000014,1.0,16974,2025-06-27 02:00:00+00:00,3319.5393511962893,10.604565681184154,-136.66017140071224,-0.006408591670226497,stop
long,16997,2025-06-27 19:00:00+00:00,3284.341301147461,5.810077481194218,19072.74106382107,9.536370531910535,0.20822349527141415,bear,14.799938964843703,47.57123238699762,1.0,17022,2025-06-28 19:00:00+00:00,3279.2156022583013,9.526248363330845,-39.30695605462129,-0.0020608970636728425,signal_exit
short,17023,2025-06-28 20:00:00+00:00,3278.9877133300783,5.80168730214035,19033.17796928598,9.516588984642992,0.22346556308820476,bear,26.452907714843693,85.02720336914044,1.0,17058,2025-06-30 07:00:00+00:00,3305.652,9.589179616847426,-164.2870330103618,-0.008631613347780035,stop
long,17097,2025-07-01 14:00:00+00:00,3359.478948852539,6.251578997075609,20991.552261633362,10.495776130816681,0.389468289167054,bull,11.7249755859375,37.68742152622768,1.0,17112,2025-07-01 23:00:00+00:00,3346.9257976074223,10.461785510546546,-88.93880218163068,-0.004236885441968278,stop
long,17113,2025-07-02 00:00:00+00:00,3350.5743522949215,6.241470856302307,20902.061141152157,10.451030570576078,0.20822349527141415,bull,7.70504150390625,24.766204833984375,1.0,17114,2025-07-02 01:00:00+00:00,3340.329,10.424283051980714,-74.37035081328311,-0.0035580391001183193,stop
long,17116,2025-07-02 03:00:00+00:00,3351.374801147461,6.2171902562857655,20825.721897906686,10.412860948953343,0.4082234952714143,bull,8.6250244140625,27.723292759486604,1.0,17119,2025-07-02 06:00:00+00:00,3341.628398803711,10.387769760585119,-70.98300744598532,-0.0034084296234225733,stop
long,17120,2025-07-02 07:00:00+00:00,3346.472448852539,6.204396470163297,20752.46561635124,10.37623280817562,0.4082234952714143,bull,10.1,32.464285714285715,1.0,17160,2025-07-03 14:30:00+00:00,3332.1331488037113,10.336937573275929,-99.30364018083448,-0.004785149004299102,stop
long,17166,2025-07-03 18:00:00+00:00,3346.9393977050777,5.5566206425864255,18588.37835759502,9.29418917879751,0.4082234952714143,bear,16.246216375177617,52.219981205928065,1.0,17215,2025-07-05 19:00:00+00:00,3343.2275744018557,9.288523676392748,-29.913717664711392,-0.001609269893760741,signal_exit
short,17216,2025-07-05 20:00:00+00:00,3343.1683456759984,5.54783358937461,18556.619953051777,9.278309976525888,0.3581826978053393,bear,9.671557165075136,31.087148030598655,1.0,17247,2025-07-07 03:00:00+00:00,3321.8600511474606,9.214563385478773,109.0003087322285,0.005873931190486152,signal_exit
long,17248,2025-07-07 04:00:00+00:00,3317.9581988525388,5.619936223391414,18637.394772043896,9.318697386021947,0.4082234952714143,bear,14.953311270254606,48.06421479724695,1.0,17307,2025-07-09 02:00:00+00:00,3295.3515,9.259832631828617,-136.308038404509,-0.007313685205025069,stop
long,17308,2025-07-09 03:00:00+00:00,3303.0506022949216,5.609570989235849,18519.437116053567,9.259718558026783,0.4082234952714143,bear,10.525,33.830357142857146,1.0,17313,2025-07-09 08:00:00+00:00,3291.053601196289,9.230699402645437,-76.52872872336378,-0.004132346369049461,stop
long,17314,2025-07-09 09:00:00+00:00,3298.748647705078,5.595810842039895,18449.94847375564,9.22497423687782,0.4082234952714143,bear,10.8499755859375,34.87492152622768,1.0,17344,2025-07-10 08:00:00+00:00,3335.531351196289,9.332501249494088,196.49654974616277,0.010650249241924536,takeprofit
long,17353,2025-07-10 15:00:00+00:00,3331.464948852539,6.207125612196958,20668.487166575735,10.334243583287867,0.4082234952714143,bull,13.614929199218748,43.762272426060264,1.0,17452,2025-07-14 06:00:00+00:00,3380.009101196289,10.490070530747152,290.82958080453784,0.014071159560959837,takeprofit
long,17456,2025-07-14 10:00:00+00:00,3384.5913522949218,6.184319245030089,20920.93297007486,10.460466485037431,0.20822349527141415,bull,10.054919433593705,32.31938389369405,1.0,17457,2025-07-14 11:00:00+00:00,3372.712702392578,10.42896603668193,-83.89032923272022,-0.004009875150057423,stop
long,17459,2025-07-14 13:00:00+00:00,3364.981698852539,6.195111037205488,20836.017253928876,10.418008626964438,0.20822349527141415,bull,12.12955583844864,38.98785805215634,1.0,17461,2025-07-14 14:00:00+00:00,3349.424547607422,10.37502849158487,-106.75330787768404,-0.005123498727068603,stop
long,17462,2025-07-14 14:30:00+00:00,3353.5759744262696,5.566247986596408,18657.506762167224,9.328753381083612,0.4144413581781714,bear,14.216886247907313,45.69713436827351,1.0,17494,2025-07-15 15:00:00+00:00,3334.8317500000003,9.28125025703764,-113.61625173006894,-0.0060895731234815575,stop
long,17495,2025-07-15 16:30:00+00:00,3337.3178494262693,6.181677458232967,20619.912564474656,10.309956282237328,0.26309412268733756,neutral,15.69500732421875,50.448237827845986,1.0,17529,2025-07-16 18:00:00+00:00,3355.721202392578,10.371993056472315,103.39159913126491,0.0050141628296423895,signal_exit
long,17546,2025-07-17 09:00:00+00:00,3332.865551147461,6.215083557429652,20703.68604303878,10.35184302151939,0.4082234952714143,bull,9.595007324218749,30.841094970703125,1.0,17549,2025-07-17 12:00:00+00:00,3316.540851196289,10.306289255906899,-111.76566350240728,-0.005398346133633839,stop
long,17551,2025-07-17 13:30:00+00:00,3333.51590057373,5.5627961625706375,18534.402258450522,9.267201129225262,0.21518303907138914,bear,13.024963378906248,41.865953717912944,1.0,17621,2025-07-19 22:00:00+00:00,3353.1985873779295,9.326580117101614,100.16419450637689,0.005404231175607959,signal_exit
short,17623,2025-07-20 00:00:00+00:00,3353.150613330078,5.546641637490814,18608.028823086013,9.304014411543006,0.22346556308820476,bear,5.519014648437496,17.739689941406237,1.0,17647,2025-07-21 00:00:00+00:00,3360.0791022949215,9.318577327025883,-47.74842270431942,-0.0025660118628513962,stop
long,17718,2025-07-23 09:00:00+00:00,3445.922051147461,5.988107740604632,20624.2403878024,10.312120193901201,0.20822349527141415,bull,9.254919433593749,29.747955322265625,1.0,17719,2025-07-23 10:00:00+00:00,3433.482351196289,10.280031122213947,-84.77029469062235,-0.004110226272418607,stop
long,17721,2025-07-23 12:00:00+00:00,3431.6148522949215,5.988124085012412,20538.66621440633,10.269333107203165,0.20822349527141415,bull,11.399999999999999,36.64285714285714,1.0,17725,2025-07-23 14:30:00+00:00,3412.8926755981443,10.21841241515585,-122.32912961698685,-0.00595604058900291,stop
long,17726,2025-07-23 15:00:00+00:00,3408.003198852539,5.994576903164902,20419.327597954558,10.20966379897728,0.20822349527141415,neutral,14.580029296875043,46.86437988281264,1.0,17741,2025-07-24 01:00:00+00:00,3391.203452392578,10.164414944822813,-110.87178705272966,-0.005429747209885398,stop
long,17750,2025-07-24 11:00:00+00:00,3368.083102294922,5.429930903408956,18279.31886296922,9.13965943148461,0.20822349527141415,bear,10.10506591796875,32.48056902204241,1.0,17751,2025-07-24 12:00:00+00:00,3355.621398803711,9.11039616675233,-76.77658506279667,-0.004200188510214838,stop
long,17752,2025-07-24 13:00:00+00:00,3372.285397705078,5.402517705256996,18209.726704928853,9.104863352464427,0.4082234952714143,bear,12.4200439453125,39.92156982421875,1.0,17773,2025-07-25 03:00:00+00:00,3359.81925,9.07574149229414,-76.42432518532816,-0.004196895781233349,stop
long,17774,2025-07-25 04:00:00+00:00,3364.781647705078,5.393966142980801,18140.44806221324,9.07022403110662,0.4082234952714143,bear,7.294970703124953,23.44812011718735,1.0,17777,2025-07-25 07:00:00+00:00,3354.422047607422,9.046819477031384,-64.92615165860698,-0.0035790820290623857,stop
long,17778,2025-07-25 08:00:00+00:00,3348.8735511474606,5.401682379797619,18080.51099790457,9.040255498952286,0.4082234952714143,bear,8.549951171874953,27.481985909598066,1.0,17782,2025-07-25 12:00:00+00:00,3340.2289523925783,9.021427938314426,-55.71680471298166,-0.0030815945810070814,stop
long,17783,2025-07-25 13:00:00+00:00,3346.872551147461,5.389231747662018,18028.0577791329,9.01402888956645,0.4082234952714143,bear,10.4599853515625,33.62138148716518,1.0,17785,2025-07-25 14:00:00+00:00,3331.433547607422,8.976933719996111,-92.18130175024106,-0.005113213130309521,stop
long,17799,2025-07-25 22:00:00+00:00,3339.976846153846,5.375804513965863,17946.089561314657,8.973044780657329,0.20822349527141415,bear,7.812653526892973,25.112100622155985,1.0,17807,2025-07-26 06:00:00+00:00,3335.869692307692,8.966491674954803,-31.045747860663603,-0.0017299449974654713,signal_exit
short,17809,2025-07-26 08:00:00+00:00,3335.677480769231,5.3676404884253355,17913.674339275185,8.956837169637593,0.28766275817545206,bear,4.494934082031341,14.448002406529309,1.0,17852,2025-07-28 03:00:00+00:00,3343.9711988525387,8.974617599544548,-53.49231458309292,-0.002986116280221342,stop
long,17863,2025-07-28 14:00:00+00:00,3308.15325,5.402416611630266,17863.090526355474,8.931545263177737,0.4082234952714143,bear,15.114965820312499,48.58381870814732,1.0,17917,2025-07-30 07:00:00+00:00,3381.3085,9.13361860472331,386.0815192232435,0.021613366323907555,takeprofit
long,17985,2025-08-01 14:00:00+00:00,3400.799647705078,5.939017021917308,20187.31333918125,10.093656669590626,0.4144413581781714,bull,17.0800048828125,54.90001569475446,1.0,18011,2025-08-02 10:00:00+00:00,3413.2285183349613,10.135611135042463,63.67966309904378,0.003154439723063538,signal_exit
short,18012,2025-08-02 11:00:00+00:00,3413.1525553588867,5.925730727400379,20235.540744967762,10.117770372483882,0.32516506704785253,bull,12.418000000000028,39.91500000000009,1.0,18060,2025-08-04 11:00:00+00:00,3425.712,10.149923430812104,-84.57381045974215,-0.004179468763678787,stop
long,18092,2025-08-05 12:00:00+00:00,3421.9100511474608,5.891561490524724,20150.31832221876,10.075159161109381,0.4082234952714143,bull,10.210009765625,32.81788853236607,1.0,18120,2025-08-06 09:00:00+00:00,3411.393547607422,10.049217427054206,-72.00784469851288,-0.003573533854257448,stop
long,18122,2025-08-06 11:00:00+00:00,3421.71,5.870305151679854,20076.4436187451,10.03822180937255,0.4082234952714143,bull,9.2400390625,29.700125558035715,1.0,18148,2025-08-07 06:00:00+00:00,3454.871797607422,10.140575855944144,184.5292954778714,0.0091913338329294,takeprofit
long,18196,2025-08-08 19:00:00+00:00,3458.328397705078,5.853580111499181,20233.48558504675,10.116742792523375,0.20822349527141415,bull,27.009973144531205,86.81777082170746,1.0,18212,2025-08-09 10:00:00+00:00,3480.8227804687504,10.187637499702578,121.48503406618165,0.006004157492071624,signal_exit
short,18213,2025-08-09 11:00:00+00:00,3480.1990934448245,5.255789878301827,18300.345342473738,9.15017267123687,0.3716137112363527,bear,53.92793164062505,173.33978027343767,1.0,18464,2025-08-18 12:00:00+00:00,3391.5948522949216,8.912754947996115,456.7725188622755,0.024959775912104812,signal_exit
long,18465,2025-08-18 13:00:00+00:00,3384.19125,6.130547570957864,20736.577158764976,10.368288579382488,0.3869822275607342,bull,11.7099609375,37.63916015625,1.0,18496,2025-08-19 13:30:00+00:00,3371.9131755981443,10.335837064072011,-85.60715626440772,-0.004128316626653262,stop
short,18615,2025-08-23 11:00:00+00:00,3415.1715892822267,6.043583351287567,20650.199258405566,10.325099629202784,0.3716137112363527,bull,4.988098144531341,16.033172607422166,1.0,18667,2025-08-25 14:00:00+00:00,3420.4093011474606,10.335764353501967,-41.990312581070704,-0.002033409559667021,stop
long,18808,2025-08-30 04:00:00+00:00,3522.840618164062,5.851362346291091,20603.115387416317,10.301557693708158,0.20822349527141415,bull,7.153076171874999,22.992030552455354,1.0,18851,2025-08-31 23:00:00+00:00,3546.073549407959,10.374680622092267,125.56961845241604,0.006094690831519086,takeprofit
short,18925,2025-09-03 15:30:00+00:00,3630.383973205567,5.70091300714493,20706.856642099156,10.353428321049577,0.20844010964492887,bull,15.19000244140625,48.825007847377236,1.0,18980,2025-09-05 13:00:00+00:00,3652.8255,10.41222020289034,-138.34941220546364,-0.006681333366851304,stop
short,19018,2025-09-06 20:00:00+00:00,3634.4298545263678,5.6577615737922065,20573.024085625293,10.286512042812646,0.3716137112363527,neutral,22.49093505859387,72.29229125976602,1.0,19056,2025-09-08 10:00:00+00:00,3658.8284999999996,10.350389646197888,-148.3921084594903,-0.007212945838291915,stop
short,19057,2025-09-08 11:00:00+00:00,3657.0704523925783,5.583703810559674,20430.213327173216,10.215106663586608,0.20844010964492887,bull,14.850048828124999,47.7322998046875,1.0,19059,2025-09-08 13:00:00+00:00,3675.1366988525388,10.26043739485531,-111.13700659584639,-0.005439835836076589,stop
short,19060,2025-09-08 13:30:00+00:00,3675.0615744018564,5.526665476437044,20320.99642523973,10.160498212619865,0.35341365461847385,bull,14.435021972656294,46.39828491210952,1.0,19078,2025-09-09 01:00:00+00:00,3689.5438011474607,10.195437174801986,-90.23385975166318,-0.004440424960637661,stop
short,19174,2025-09-12 06:00:00+00:00,3687.455398803711,5.483598849461422,20230.641503071874,10.115320751535938,0.356588257793077,bull,8.240026855468614,26.4858006068634,1.0,19260,2025-09-15 13:00:00+00:00,3696.6474488525387,10.13546584869614,-60.54098092063937,-0.002992538862964215,stop
short,19458,2025-09-22 08:00:00+00:00,3752.7227976074223,5.371291297881732,20167.050831566918,10.083525415783459,0.28766275817545206,bull,18.24634374999996,58.648962053571296,1.0,19467,2025-09-22 15:00:00+00:00,3771.7848522949216,10.129677577306925,-112.51752604001993,-0.0055792751741320255,stop
short,19489,2025-09-23 10:00:00+00:00,3814.491702392578,5.255400481731316,20056.709885256692,10.028354942628347,0.3170817491766209,bull,15.300036621093795,49.17868913923006,1.0,19532,2025-09-24 17:30:00+00:00,3763.6809488525387,9.889825335841303,257.1410332956155,0.012820698647320765,takeprofit
short,19542,2025-09-25 01:00:00+00:00,3764.9166488037113,4.845279794417282,18251.200166196944,9.125600083098472,0.28766275817545206,bear,14.954956054687226,48.0695016043518,1.0,19548,2025-09-25 07:00:00+00:00,3784.3912499999997,9.16821722889728,-103.52810890961047,-0.005672400059550874,stop
short,19589,2025-09-26 15:00:00+00:00,3808.4947023925783,5.29543446221216,20177.722957680944,10.088861478840473,0.3170817491766209,bull,16.554968261718795,53.21239798409613,1.0,19654,2025-09-29 03:00:00+00:00,3825.4117499999998,10.128608606550664,-99.71172550577333,-0.004941673830833157,stop
short,19656,2025-09-29 05:00:00+00:00,3839.8791488037114,5.226430885053353,20078.90242939479,10.039451214697396,0.356588257793077,bull,15.33487402343753,49.29066650390635,1.0,19662,2025-09-29 11:00:00+00:00,3860.129051147461,10.08734884660439,-115.92206387529072,-0.005773326718575263,stop
short,19663,2025-09-29 12:00:00+00:00,3841.57825,5.194623927621647,19965.5370658138,9.982768532906901,0.21003454965719137,bull,20.249999999999996,65.08928571428571,1.0,19677,2025-09-29 19:30:00+00:00,3861.93,10.030636992399934,-115.75032451137287,-0.005797506179263646,stop
short,19687,2025-09-30 05:00:00+00:00,3895.5512500000004,5.093618289178691,19852.377282073947,9.926188641036974,0.28766275817545206,bull,12.779980468750043,41.07850864955371,1.0,19690,2025-09-30 08:00:00+00:00,3845.721948852539,9.794319826885605,244.0171198348164,0.012291581827590792,takeprofit
short,19722,2025-10-01 09:00:00+00:00,3914.841648803711,5.122308739286055,20063.05912014835,10.031529560074176,0.3170817491766209,bull,15.030017089843703,48.31076921735476,1.0,19759,2025-10-02 14:00:00+00:00,3865.731948852539,9.900736272672336,241.65430897093134,0.012044738916621629,takeprofit
short,19782,2025-10-03 09:00:00+00:00,3885.7561011962894,4.692843554955131,18244.36765945631,9.122183829728156,0.38760168880650814,bear,13.019970703124999,41.84990583147321,1.0,19785,2025-10-03 12:00:00+00:00,3900.3491022949215,9.151864073389875,-77.63453522655763,-0.004255260400122367,stop
short,19786,2025-10-03 13:00:00+00:00,3905.346398803711,4.651317915160235,18174.09471702072,9.08704735851036,0.3170817491766209,bear,15.839990234375,50.91425432477679,1.0,19829,2025-10-05 01:00:00+00:00,3921.53177329834,9.120145496006328,-84.40346784645214,-0.004644163528398757,stop
short,19838,2025-10-05 10:00:00+00:00,3920.9225716650394,5.126151331698541,20109.297110782998,10.054648555391498,0.22346556308820476,bull,21.05050390625006,67.6623339843752,1.0,19853,2025-10-06 01:00:00+00:00,3945.271698852539,10.112029886492754,-134.92934064439143,-0.006709798950259663,stop
short,19857,2025-10-06 05:00:00+00:00,3955.4212023925784,5.04846920036331,19978.811520503194,9.989405760251596,0.3170817491766209,bull,23.997684570312458,77.13541469029005,1.0,19867,2025-10-06 14:00:00+00:00,3980.289198852539,10.047183714472897,-135.59249791732566,-0.006786815010401108,stop
short,19919,2025-10-08 05:00:00+00:00,4049.8739523925783,4.898390455231328,19847.787807193377,9.923893903596689,0.35341365461847385,bull,13.249987792968794,42.5892464773997,1.0,19923,2025-10-08 09:00:00+00:00,4072.935352294922,9.975413827227847,-122.93915499314107,-0.006194098616299424,stop
short,19924,2025-10-08 10:00:00+00:00,4057.070547607422,4.860242563266056,19728.21106318631,9.864105531593156,0.2957460760466837,bull,15.854956054687454,50.96235874720968,1.0,19932,2025-10-08 15:30:00+00:00,4074.8363267211917,9.902346476736524,-96.24834229506315,-0.004878716168779575,stop
short,19987,2025-10-10 11:00:00+00:00,4000.2988988037114,4.414821142483235,17669.43887412809,8.834719437064045,0.31922365011370246,bear,23.8900146484375,76.78933279854911,1.0,20001,2025-10-10 19:00:00+00:00,4030.114147705078,8.89611657295459,-140.5251077911074,-0.007953003419755834,stop
short,20002,2025-10-10 19:30:00+00:00,4012.2428750000004,4.857267488481526,19498.286015636964,9.749143007818482,0.38760168880650814,neutral,36.8500366210937,118.4465462820869,1.0,20043,2025-10-12 12:00:00+00:00,4049.3036204589844,9.83427541332298,-189.84822943013228,-0.00973666245729909,stop
short,20044,2025-10-12 13:00:00+00:00,4046.4277564306644,4.7718605690083935,19318.648380442806,9.659324190221403,0.4010327022375215,bull,75.84798388671888,243.79709106445358,1.0,20070,2025-10-13 14:30:00+00:00,4123.26055114746,9.83781221988419,-376.47319573567756,-0.01948755359701041,stop
short,20086,2025-10-14 01:00:00+00:00,4152.023047607422,4.566844482927371,18971.129112509498,9.485564556254749,0.28766275817545206,bull,19.445166015625,62.5023193359375,1.0,20088,2025-10-14 03:00:00+00:00,4177.387454589843,9.538739425021818,-125.37404151541418,-0.006608675781598206,stop
short,20089,2025-10-14 04:00:00+00:00,4178.909500000001,4.508432304961731,18849.755467044997,9.424877733522498,0.3170817491766209,bull,19.455102539062498,62.53425816127232,1.0,20117,2025-10-15 01:00:00+00:00,4202.800545410156,9.474020875118965,-117.18518180156921,-0.006216801167868937,stop
short,20118,2025-10-15 02:00:00+00:00,4193.202154785156,4.4659040558983385,18735.806413463415,9.367903206731707,0.3170817491766209,bull,22.029907226562496,70.81041608537946,1.0,20122,2025-10-15 06:00:00+00:00,4219.208647705078,9.421290506233726,-125.56379271700246,-0.006701808822425344,stop
short,20123,2025-10-15 07:00:00+00:00,4223.686904785157,4.404933680597914,18614.367887132055,9.307183943566027,0.3271692667919084,bull,22.2948974609375,71.66217041015625,1.0,20149,2025-10-16 02:00:00+00:00,4255.126499999999,9.371775017527359,-147.86110688375263,-0.007943385871618433,stop
short,20158,2025-10-16 11:00:00+00:00,4253.972047607422,4.340338808187369,18472.91642538747,9.236458212693735,0.356588257793077,bull,22.780029296875,73.22152273995536,1.0,20162,2025-10-16 14:00:00+00:00,4280.939204589844,9.290363282586034,-126.33696127987655,-0.0068390371271452675,stop
short,20163,2025-10-16 14:30:00+00:00,4281.957803588867,4.283490342267585,18350.900347844155,9.175450173922078,0.3170817491766209,bull,25.6099365234375,82.31765311104911,1.0,20168,2025-10-16 17:00:00+00:00,4311.65475,9.234465740408579,-136.44104888733122,-0.0074351146974301,stop
short,20169,2025-10-16 17:30:00+00:00,4305.596125,4.229550345003545,18219.845498689025,9.109922749344513,0.28766275817545206,bull,29.824999999999996,95.86607142857142,1.0,20174,2025-10-16 20:00:00+00:00,4346.471954589843,9.191810977541852,-182.078190121569,-0.009993399237917254,stop
short,20176,2025-10-16 22:00:00+00:00,4357.619904785157,4.1395882851549475,18047.776197105202,9.023888098552602,0.3239946636173052,bull,37.4651611328125,120.42373221261161,1.0,20196,2025-10-17 15:30:00+00:00,4236.216903442382,8.768096933432728,493.7903452077659,0.027360176667470426,takeprofit
short,20226,2025-10-18 17:00:00+00:00,4234.869474765625,3.926293756401912,16635.659407653144,8.317829703826572,0.31922365011370246,bear,85.47163378906252,274.73025146484383,1.0,20269,2025-10-20 12:00:00+00:00,4343.070352294922,8.5260850039149,-433.3545148844014,-0.02604973474541316,stop
short,20357,2025-10-23 07:00:00+00:00,4107.545297607422,4.401051311218591,18086.56089837409,9.043280449187044,0.3170817491766209,bull,34.869982910156246,112.08208792550224,1.0,20362,2025-10-23 12:00:00+00:00,4144.370954589844,9.119794611936937,-171.19140056090833,-0.009465116199967998,stop
short,20365,2025-10-23 14:00:00+00:00,4162.4177500000005,4.3040820471761325,17924.349685465004,8.962174842732502,0.20578350698832626,bull,31.394897460937496,100.91217041015625,1.0,20468,2025-10-27 08:00:00+00:00,4057.227551147461,8.731320132101086,444.0159262880008,0.024771661682546665,takeprofit
